Run,SpecifySystem,DeploySystem,DesignHardware,PrototypeHardware,TestHardware,ManufactureHardware,DesignSoftware,ImproveSoftware,ReleaseSoftware,DesignDocumentation,DesignTraining,PrepareCertification,TrainOperators,FinalizeCertification,Total duration at mid_gate,Total duration,Label
1,7.2,5.7,8.9,5.2,1.8,9.7,12.9,8.9,8.6,5.4,4.7,8.5,6.3,10.6,54.72,104.53,1
2,7.6,4.6,8.9,5.5,1.7,9.9,14.8,9.0,9.0,4.9,4.7,7.8,6.5,12.3,55.79,107.01,1
3,6.8,4.6,8.8,5.0,1.2,8.7,12.3,8.3,8.2,4.7,4.3,6.1,6.4,11.6,49.2,96.98,1
4,6.5,4.4,8.5,4.6,1.2,8.6,12.9,8.3,8.1,4.6,4.3,6.7,6.3,11.5,49.26,96.45,1
5,8.5,6.4,9.3,6.4,2.0,8.8,13.6,8.9,8.9,5.6,4.3,6.4,6.9,15.5,56.2,111.55,1
6,8.2,5.7,10.3,6.6,1.8,10.6,13.4,8.9,8.8,6.8,4.9,9.8,7.2,17.8,61.65,120.71,1
7,8.3,4.4,10.4,6.0,1.8,10.6,15.4,8.3,9.3,5.8,5.5,10.5,7.3,17.2,63.69,120.8,1
8,9.1,5.1,9.4,6.0,2.2,11.5,19.2,9.5,9.7,7.6,5.6,10.7,7.5,17.1,69.89,130.26,1
9,8.2,6.2,9.5,5.3,1.7,9.0,15.3,8.4,8.9,5.5,4.9,8.9,7.1,13.4,59.41,112.47,1
10,8.4,6.2,9.1,7.5,2.6,10.3,16.9,9.2,9.4,6.7,5.8,10.8,7.4,10.6,67.7,120.79,1
11,8.8,6.0,10.4,6.5,1.9,9.6,14.6,8.8,9.0,7.1,5.3,10.6,7.5,17.7,65.16,123.74,1
12,7.9,6.6,10.5,6.8,2.3,10.6,17.7,8.6,9.4,7.2,4.9,9.6,7.0,13.8,66.98,123.01,1
13,9.4,6.6,11.8,6.9,1.2,11.7,17.5,8.7,9.2,7.0,4.6,8.1,7.1,15.2,66.61,125.2,1
14,7.1,6.7,8.9,5.6,2.6,10.5,16.9,8.7,8.8,5.9,5.1,11.0,7.4,12.8,63.15,117.98,1
15,8.4,6.8,8.7,6.6,2.4,10.1,17.2,8.6,9.2,4.8,5.3,7.9,6.8,13.5,61.29,116.36,1
16,7.6,6.0,10.1,4.4,2.2,9.1,16.8,8.1,9.0,5.4,5.2,9.2,6.2,15.6,60.75,114.83,1
17,6.8,4.8,8.4,4.6,1.1,8.9,12.3,8.2,8.2,4.9,4.1,6.9,6.2,11.9,49.15,97.42,1
18,7.7,6.7,11.2,4.7,2.5,10.8,15.2,9.2,8.7,6.1,5.3,9.0,7.2,17.7,61.8,122.06,1
19,9.2,5.8,9.5,7.5,2.4,9.0,19.1,9.6,9.8,4.8,4.3,8.0,7.4,13.4,64.86,119.88,1
20,7.3,4.4,9.2,6.1,1.6,9.3,15.7,9.0,8.9,5.8,5.2,8.9,7.1,12.3,59.7,110.69,1
21,6.9,5.6,9.1,4.9,1.8,9.4,13.8,8.5,8.7,5.4,4.3,8.3,6.8,14.0,54.54,107.57,1
22,8.6,7.7,11.0,7.3,2.8,11.8,14.8,9.9,9.5,7.3,4.8,8.8,7.6,13.8,65.32,125.56,1
23,7.5,5.3,8.9,5.4,1.7,9.2,14.2,8.1,8.5,4.6,4.6,7.3,6.6,13.5,54.17,105.43,1
24,7.7,5.9,9.6,6.3,2.1,9.1,13.2,9.4,8.3,4.8,5.3,8.9,7.6,15.3,58.03,113.68,1
25,7.5,5.0,9.3,4.7,1.7,9.0,14.1,8.6,8.1,4.9,4.7,7.0,6.7,11.9,53.89,103.19,1
26,7.6,7.1,11.2,6.6,2.5,11.6,19.0,9.7,8.8,7.6,5.6,7.8,6.8,14.6,67.87,126.53,1
27,7.2,5.5,8.7,5.2,1.8,9.4,14.3,8.3,8.8,4.9,4.2,7.3,6.6,13.9,53.63,106.18,1
28,8.3,6.0,9.6,6.8,1.5,9.3,17.0,9.1,8.9,6.5,4.9,7.6,7.4,16.0,62.3,118.93,1
29,8.8,6.7,10.5,6.7,1.5,8.5,15.9,8.2,9.3,6.2,5.4,9.7,7.3,17.0,64.86,121.95,1
30,7.4,6.7,8.6,6.7,2.6,10.5,16.5,9.5,8.7,4.5,5.4,8.2,6.2,14.4,59.96,115.98,1
31,7.6,4.5,8.4,4.8,1.6,8.9,15.0,8.3,8.8,5.2,4.9,7.5,6.6,13.4,54.9,105.26,1
32,8.1,6.5,9.3,6.8,2.5,9.6,12.7,8.2,8.7,6.8,5.6,10.8,7.1,16.0,62.62,118.61,1
33,8.7,5.6,9.6,6.3,1.2,10.8,17.5,8.9,9.2,6.8,5.3,10.0,7.1,16.4,65.39,123.4,1
34,9.2,6.3,11.2,6.0,2.6,10.7,18.5,8.5,9.3,7.3,4.9,11.0,7.5,18.9,70.74,131.84,1
35,7.4,5.0,9.1,6.0,2.1,10.0,15.6,9.1,8.5,5.3,4.3,8.1,6.8,13.2,58.05,110.81,1
36,6.5,5.3,9.3,5.7,1.5,9.3,14.2,8.8,8.6,5.1,4.8,7.1,6.0,14.0,54.27,106.3,1
37,7.1,5.3,9.5,5.4,1.2,9.5,15.3,8.7,8.6,4.7,4.3,7.8,6.6,12.4,55.39,106.56,1
38,8.3,4.6,9.5,5.5,1.4,9.7,17.5,9.0,9.1,6.1,5.5,8.8,7.3,15.7,62.49,117.97,1
39,8.0,6.1,10.7,6.7,1.7,8.3,13.9,9.1,8.5,6.9,5.4,10.4,7.2,13.5,63.82,116.4,1
40,7.7,5.9,9.9,6.2,1.9,10.0,14.0,8.8,8.9,5.6,4.9,8.8,6.8,15.8,58.99,115.28,1
41,8.7,5.0,9.6,5.3,2.0,10.8,14.6,8.3,9.3,6.3,4.8,9.7,7.6,15.0,60.99,116.91,1
42,8.6,4.8,10.6,6.2,2.1,9.4,14.6,9.5,9.7,7.5,5.3,10.1,7.4,17.8,65.11,123.67,1
43,8.7,7.6,10.0,5.4,2.3,9.4,13.3,9.6,9.3,7.2,5.7,11.3,6.8,17.7,64.02,124.49,1
44,6.2,4.2,8.6,4.3,1.3,8.6,12.8,8.2,8.1,4.2,4.1,6.5,6.2,11.3,48.05,94.66,1
45,7.2,6.2,11.2,7.3,2.4,10.8,18.3,8.8,9.1,7.0,5.3,8.7,6.7,13.4,67.3,122.36,1
46,6.7,7.1,10.4,7.5,2.7,10.6,17.7,9.0,9.5,7.1,5.0,10.0,7.7,16.1,67.14,127.11,1
47,7.2,6.2,9.4,5.5,1.9,9.6,13.7,8.3,8.9,5.8,4.8,8.7,7.3,11.9,57.01,109.15,1
48,6.9,5.6,9.4,5.0,2.3,9.3,14.3,8.9,9.4,5.9,5.4,7.4,7.2,15.3,56.63,112.38,1
49,7.6,5.8,10.0,5.3,2.0,8.9,15.8,8.7,9.0,4.9,4.8,9.0,6.4,15.2,59.39,113.36,1
50,9.0,6.4,9.4,6.8,2.4,8.9,17.6,8.8,9.1,6.2,4.6,10.7,6.6,17.8,66.69,124.18,1
51,7.8,4.9,8.6,5.1,1.8,9.1,15.3,9.1,8.8,6.3,4.9,7.1,6.1,14.6,56.93,109.45,1
52,6.2,4.8,9.1,5.4,1.4,8.3,13.5,8.4,8.4,5.1,4.4,8.1,6.8,12.2,53.01,101.79,1
53,8.2,5.6,10.3,5.2,1.8,9.3,15.5,9.1,8.5,5.5,4.9,9.1,6.8,14.5,60.44,114.18,1
54,7.6,5.6,9.1,5.3,1.4,9.4,15.3,8.3,8.8,5.3,4.5,8.5,6.8,14.0,56.98,109.99,1
55,6.4,5.1,8.8,5.0,1.3,8.9,12.9,8.5,8.6,4.7,4.1,6.8,6.3,12.6,50.1,100.1,1
56,6.5,4.3,8.4,4.4,1.2,8.5,12.6,8.2,8.2,4.4,4.2,6.7,6.2,10.5,48.42,94.26,1
57,8.0,4.6,10.0,5.8,1.5,9.8,16.2,9.0,8.2,6.0,4.7,8.2,7.0,13.5,60.47,112.59,1
58,7.1,6.5,10.3,5.9,1.9,10.5,14.4,8.9,8.4,5.8,4.8,7.6,7.0,15.6,57.83,114.82,1
59,6.7,4.6,8.6,4.4,1.2,8.7,12.6,8.1,8.3,4.3,4.2,6.1,6.3,10.9,48.1,94.93,1
60,9.4,6.2,11.8,7.7,2.8,8.8,19.2,9.8,8.7,6.9,5.7,10.3,7.1,18.7,73.78,133.0,1
61,9.0,7.1,10.3,7.5,2.7,10.0,14.7,9.8,9.6,7.2,5.3,9.3,7.6,14.4,65.87,124.52,1
62,8.5,6.2,9.8,6.1,2.2,10.8,13.8,9.1,9.0,5.4,5.4,10.1,7.2,17.0,61.23,120.42,1
63,7.8,6.0,10.4,5.0,2.2,9.6,15.2,9.0,9.0,4.5,4.2,9.3,7.2,13.3,58.45,112.65,1
64,6.7,5.3,8.8,4.9,1.4,9.1,14.7,8.7,8.5,5.1,4.3,7.5,6.6,12.4,53.41,103.97,1
65,7.6,5.0,10.4,5.6,2.0,9.2,15.8,9.2,8.4,6.4,4.6,9.8,7.3,15.5,62.15,116.72,1
66,7.9,5.3,9.7,5.9,1.5,8.7,16.3,8.9,8.7,6.3,5.0,9.7,6.7,15.4,62.4,116.15,1
67,7.8,6.4,9.0,5.4,2.2,10.6,13.4,9.2,9.3,4.8,5.2,7.5,6.4,14.3,55.27,111.44,1
68,8.1,5.2,9.7,4.9,1.5,9.4,16.4,8.5,9.2,5.8,4.9,8.0,6.8,11.1,59.26,109.37,1
69,7.2,4.5,9.1,4.9,1.5,8.6,14.6,8.4,8.7,5.1,4.6,7.9,6.4,11.5,54.88,102.92,1
70,8.2,5.6,10.0,5.9,1.9,9.9,14.3,9.1,8.1,4.7,4.9,6.9,6.2,13.8,56.9,109.67,1
71,6.2,4.1,8.2,4.4,1.2,8.3,12.7,8.1,8.1,4.2,4.1,6.1,6.1,10.6,47.04,92.36,1
72,6.9,4.9,8.9,4.4,1.1,8.9,13.1,8.2,8.5,4.5,4.5,6.8,6.2,10.4,50.28,97.28,1
73,8.6,5.0,9.7,6.6,1.6,10.7,17.4,9.0,9.4,5.6,4.1,7.3,6.7,14.4,60.92,116.25,1
74,7.3,5.3,8.8,4.8,1.6,9.3,14.9,8.6,8.4,5.3,4.7,8.5,6.3,12.7,55.89,106.41,1
75,7.9,7.4,11.7,6.7,1.5,9.5,16.3,9.5,9.8,6.7,5.5,8.5,6.6,13.3,64.89,120.94,1
76,9.5,6.0,11.5,6.5,2.6,11.2,13.8,9.7,9.6,6.2,4.7,10.0,7.2,13.7,64.95,122.29,1
77,9.6,5.4,10.2,6.8,2.7,11.2,17.7,9.0,9.5,7.3,5.1,11.5,6.1,15.3,70.89,127.39,1
78,9.3,4.8,9.2,5.4,2.2,10.7,13.9,9.7,9.4,6.0,4.6,8.9,6.1,15.4,59.42,115.48,1
79,8.0,5.0,10.7,5.8,2.3,9.1,16.2,9.6,8.9,6.0,5.2,10.9,7.2,17.9,65.25,123.04,1
80,7.2,5.2,8.5,4.3,1.7,9.3,13.1,8.6,8.7,5.1,4.6,7.4,6.6,11.1,51.81,101.29,1
81,6.1,4.1,8.0,4.1,1.0,8.1,12.1,8.1,8.1,4.1,4.0,6.1,6.0,10.2,45.58,90.11,1
82,7.3,5.6,9.8,5.9,2.0,9.9,14.3,8.9,8.7,5.5,4.8,7.2,6.9,13.8,56.85,110.67,1
83,8.0,6.6,9.2,5.4,2.1,9.6,14.7,8.2,9.3,4.6,4.8,8.0,7.1,11.4,56.75,109.05,1
84,6.7,4.9,9.4,4.8,1.6,9.4,14.1,8.4,8.5,5.3,4.3,7.3,6.6,12.3,53.42,103.56,1
85,8.6,4.5,9.0,6.2,2.1,10.3,16.7,9.3,8.1,6.4,4.4,10.5,7.6,17.4,64.08,121.22,1
86,9.2,6.5,9.3,7.0,2.5,10.5,18.9,8.7,9.8,6.6,5.8,10.4,7.5,18.6,69.72,131.29,1
87,7.2,5.2,8.9,4.7,1.2,8.1,13.8,8.6,8.6,5.0,4.5,7.6,6.3,11.2,52.81,100.79,1
88,7.2,4.9,9.4,5.9,2.0,10.0,14.4,8.7,8.8,5.6,4.9,8.3,6.7,12.6,57.7,109.43,1
89,8.9,6.6,9.4,7.6,2.8,11.7,18.1,9.5,9.8,7.4,5.6,8.0,7.5,17.4,67.82,130.28,1
90,9.1,6.6,11.7,6.7,2.4,10.5,19.2,9.4,9.0,6.6,5.8,10.6,7.8,18.9,71.96,134.13,1
91,6.8,4.5,8.6,4.7,1.3,8.8,12.6,8.2,8.1,4.8,4.2,6.8,6.2,12.2,49.94,97.86,1
92,7.3,5.3,9.8,5.1,1.5,9.9,13.6,8.7,8.9,6.1,5.0,8.3,7.0,14.1,56.54,110.36,1
93,8.5,4.4,10.1,6.7,2.7,9.6,15.8,9.5,9.3,7.3,4.8,11.1,7.1,16.7,67.06,123.53,1
94,8.3,5.4,10.0,6.6,1.4,11.2,16.2,9.3,9.1,5.3,5.3,10.4,7.1,16.8,63.56,122.32,1
95,7.5,5.5,9.6,5.6,2.2,10.0,15.7,9.1,8.7,6.5,4.7,8.2,7.0,14.8,60.02,115.15,1
96,9.0,6.8,10.1,6.6,2.3,11.0,15.8,9.5,8.5,7.0,5.2,8.2,6.6,13.7,64.21,120.3,1
97,6.5,5.2,9.2,5.0,1.5,8.6,14.0,8.4,8.4,4.6,4.5,7.3,6.4,12.7,52.7,102.32,1
98,6.5,4.6,8.4,4.4,1.3,8.3,13.1,8.4,8.2,4.3,4.3,7.0,6.3,11.6,49.26,96.64,1
99,6.7,5.2,8.3,4.7,1.2,8.6,14.4,8.7,8.3,4.3,4.1,6.5,6.4,11.8,50.23,99.16,1
100,7.2,5.2,9.4,5.2,1.6,10.7,15.4,8.9,9.2,6.6,5.1,6.6,7.0,14.9,57.12,113.03,1
101,7.0,4.9,9.8,6.0,1.9,9.9,15.5,8.9,8.3,4.3,5.0,7.7,6.9,14.3,57.32,110.56,1
102,6.7,4.4,8.7,4.3,2.1,10.3,14.9,8.7,8.5,6.1,5.0,9.4,6.9,12.3,57.19,108.24,1
103,7.4,5.2,9.3,5.0,1.4,8.7,14.6,8.5,8.6,4.9,4.3,7.1,6.1,12.7,54.13,103.86,1
104,7.6,5.7,9.9,5.7,1.8,8.8,15.5,8.6,9.0,5.9,4.3,8.0,6.6,12.6,58.72,110.03,1
105,8.0,6.1,10.2,5.9,1.3,9.6,13.9,8.8,8.3,4.3,5.1,8.1,6.4,14.5,56.76,110.4,1
106,6.4,4.7,8.1,4.7,1.3,8.3,13.4,8.3,8.3,4.5,4.3,6.9,6.3,10.8,49.75,96.54,1
107,8.6,7.0,9.9,7.0,1.9,9.5,15.0,9.0,8.9,6.1,5.1,10.1,6.9,16.5,63.79,121.52,1
108,7.0,4.6,8.7,4.8,1.5,8.9,14.0,8.3,8.4,4.1,4.3,7.5,6.5,11.5,51.97,100.14,1
109,7.3,6.7,8.7,4.9,1.9,10.6,16.4,9.2,8.8,6.0,5.1,8.8,7.0,15.8,59.1,117.26,1
110,7.6,6.7,10.0,5.5,2.6,10.6,13.5,8.9,9.1,7.2,4.3,9.7,7.3,16.8,60.35,119.7,1
111,7.8,6.5,10.4,5.3,2.1,10.5,14.4,8.5,8.5,6.2,5.0,9.0,6.8,14.7,60.33,115.84,1
112,6.6,5.8,9.5,6.4,1.4,9.1,15.3,9.0,8.4,6.5,5.1,7.6,6.1,12.3,58.33,109.11,1
113,8.2,5.5,9.9,6.2,2.1,10.1,16.0,8.4,9.0,5.8,4.9,9.6,7.2,15.7,62.72,118.52,1
114,7.4,5.1,9.1,6.1,1.6,9.0,15.0,9.3,9.4,6.6,4.8,9.0,6.1,11.5,59.67,110.12,1
115,7.9,6.7,10.3,6.8,2.5,10.9,18.0,9.3,9.6,6.4,4.8,9.8,7.2,16.2,66.7,126.61,1
116,7.2,5.5,9.3,4.8,1.5,9.1,14.2,8.7,8.6,5.5,4.7,7.2,6.7,13.7,54.23,106.56,1
117,8.3,5.3,11.4,5.4,2.0,9.6,19.3,9.4,9.3,7.5,4.6,8.4,7.3,18.8,66.85,126.51,1
118,7.4,4.3,8.9,4.6,1.5,8.9,12.9,8.6,8.7,5.3,4.1,7.8,6.6,11.2,52.51,100.74,1
119,7.2,4.3,9.2,5.2,1.1,9.1,12.6,8.5,8.6,5.2,4.3,7.6,6.4,13.1,52.33,102.32,1
120,9.3,7.6,10.6,6.1,1.9,9.7,12.6,8.6,9.5,6.6,4.9,9.7,7.2,17.8,61.72,122.13,1
121,6.2,4.2,8.4,4.3,1.2,8.3,12.3,8.1,8.1,4.3,4.2,6.4,6.2,11.1,47.23,93.25,1
122,7.3,4.3,8.5,5.3,1.5,9.3,12.7,8.5,8.3,5.3,4.6,7.5,6.1,10.5,52.83,99.87,1
123,8.1,5.1,10.4,5.0,2.2,9.1,18.3,8.5,9.2,5.8,5.5,10.0,6.7,16.0,65.26,119.77,1
124,8.4,4.5,11.2,5.4,2.5,9.3,15.5,9.2,9.5,5.2,4.5,10.0,7.1,15.8,62.65,118.09,1
125,9.5,6.2,9.8,5.2,2.9,10.8,17.4,8.3,9.3,6.5,4.9,10.7,7.6,11.6,66.88,120.63,1
126,8.2,5.3,9.7,5.9,1.8,10.3,12.9,8.9,9.1,5.4,5.2,9.4,6.7,14.4,58.49,113.21,1
127,6.6,5.7,9.6,5.1,1.3,8.8,13.9,8.9,8.9,4.8,4.4,6.8,7.0,13.9,52.59,105.97,1
128,7.0,4.8,9.0,4.3,1.2,8.8,13.5,8.4,8.3,4.7,4.4,6.8,6.5,12.3,50.77,99.89,1
129,7.4,5.4,9.0,4.9,1.7,9.1,13.1,8.5,8.6,4.9,4.4,6.9,6.3,13.1,52.39,103.39,1
130,6.3,5.5,9.2,4.2,1.7,9.1,14.2,8.2,8.8,4.4,4.2,7.6,6.5,12.6,51.87,102.67,1
131,9.3,5.8,11.8,5.9,2.6,10.0,19.7,9.8,9.8,7.5,5.4,8.7,7.5,16.5,70.95,130.38,1
132,7.6,6.8,9.9,6.2,1.4,8.6,15.5,9.5,9.3,6.1,5.1,8.4,7.2,14.0,60.19,115.54,1
133,7.4,7.2,9.8,5.3,2.2,10.7,17.6,9.1,8.8,7.0,5.4,9.9,7.3,13.8,64.67,121.52,1
134,6.9,4.4,8.3,4.9,1.6,8.5,13.9,8.4,8.2,4.6,4.2,7.4,6.6,12.1,51.72,99.89,1
135,6.9,5.8,9.6,7.2,2.4,11.0,16.9,9.1,8.9,5.0,4.9,10.0,7.2,13.4,62.79,118.11,1
136,6.2,4.4,8.9,4.9,1.5,9.0,13.7,8.5,8.5,5.0,4.5,7.1,6.5,11.2,51.77,99.86,1
137,8.1,5.6,9.9,5.9,1.7,9.9,16.3,9.2,9.0,5.1,4.9,6.9,6.5,12.8,58.8,111.8,1
138,7.1,5.3,9.4,5.7,1.6,9.2,13.8,8.7,8.9,5.5,4.8,7.4,6.6,13.1,55.32,107.19,1
139,8.2,6.7,10.6,6.3,2.0,8.5,14.2,9.0,9.3,6.1,4.1,8.2,6.5,16.0,59.7,115.83,1
140,7.8,6.0,10.2,6.6,2.1,10.0,16.7,8.9,9.1,5.3,5.1,6.9,7.2,15.8,60.59,117.62,1
141,7.3,5.0,10.3,6.0,1.6,10.4,14.7,9.2,9.1,6.4,5.0,9.4,7.0,12.2,60.75,113.71,1
142,7.4,5.4,9.7,5.7,1.7,8.1,13.9,8.3,8.6,4.8,4.7,8.3,6.8,11.9,56.29,105.47,1
143,8.2,5.7,9.9,6.4,2.4,10.6,16.5,8.6,9.2,5.3,5.3,8.7,7.2,16.6,62.68,120.66,1
144,7.2,5.2,8.9,5.1,1.5,9.5,13.0,8.4,8.7,5.0,4.3,8.1,6.8,11.5,53.01,103.14,1
145,7.8,5.2,9.1,4.8,2.3,9.8,17.4,9.4,8.8,5.4,5.4,8.9,7.5,17.4,61.0,119.07,1
146,7.3,5.1,9.3,4.2,1.6,9.3,13.9,8.7,8.4,5.7,4.9,8.4,6.7,12.0,55.3,105.52,1
147,7.3,6.5,9.3,6.2,2.5,10.9,18.6,9.1,8.6,6.9,5.2,11.3,7.5,17.7,67.24,127.5,1
148,6.9,5.0,8.7,4.9,1.6,8.5,13.2,8.5,8.4,5.3,4.4,6.7,6.5,12.1,51.67,100.63,1
149,7.8,7.0,10.4,5.8,2.7,11.5,15.9,9.6,9.7,6.3,5.0,11.2,6.4,18.0,65.17,127.3,1
150,8.5,6.2,9.8,5.4,2.1,9.2,12.1,8.6,9.0,6.0,4.8,9.6,6.3,15.6,58.28,113.17,1
151,7.1,6.0,9.8,6.4,1.7,10.4,15.6,8.5,8.7,6.0,5.2,8.9,7.1,15.4,60.73,116.79,1
152,8.9,7.3,8.9,7.5,2.7,11.5,15.1,9.8,8.8,6.0,5.8,8.0,7.2,17.1,62.81,124.51,1
153,8.9,6.6,10.8,6.8,2.2,9.9,18.2,9.6,9.6,5.8,5.2,10.0,7.0,13.1,68.05,123.9,1
154,7.6,5.1,11.4,6.5,1.8,8.9,19.1,9.2,8.5,7.0,5.7,7.5,6.8,18.9,66.53,123.83,1
155,7.7,5.5,9.2,4.8,1.8,8.6,15.3,8.4,8.7,5.7,4.4,7.0,6.7,13.7,55.75,107.38,1
156,7.2,5.2,9.1,5.2,1.5,8.9,12.5,8.3,8.4,4.9,4.6,7.4,6.5,12.8,52.37,102.44,1
157,6.8,4.5,8.4,4.6,1.5,9.0,13.1,8.3,8.1,4.8,4.3,6.3,6.4,10.6,49.74,96.66,1
158,7.3,5.9,10.5,6.5,2.1,10.0,14.7,9.2,8.8,6.1,4.3,9.7,6.1,15.2,61.19,116.42,1
159,7.7,5.7,9.6,4.9,1.5,9.6,15.5,9.0,8.7,5.7,5.0,8.4,6.5,15.1,58.29,112.84,1
160,7.3,5.3,9.3,5.1,1.6,9.1,13.8,8.3,8.2,5.3,4.7,7.7,6.3,11.8,54.86,103.88,1
161,6.6,5.0,8.9,4.8,1.4,8.6,13.8,8.5,8.2,4.9,4.5,7.5,6.4,12.4,52.32,101.35,1
162,7.7,6.1,9.6,5.1,2.0,9.6,15.0,9.1,8.5,4.8,4.9,8.8,6.6,12.6,57.98,110.36,1
163,6.9,4.5,8.6,4.7,1.2,8.5,13.7,8.3,8.4,4.8,4.3,7.4,6.4,11.0,51.61,98.72,1
164,9.0,7.0,10.4,6.8,2.1,10.9,17.7,9.0,8.4,5.9,5.6,10.6,6.3,15.6,68.26,125.46,1
165,7.5,5.9,9.7,4.8,1.8,9.8,13.9,8.9,8.7,5.9,4.5,7.6,6.9,13.3,55.67,109.17,1
166,8.4,5.1,10.9,6.6,1.6,9.6,16.8,8.2,8.3,6.2,4.3,8.1,7.0,14.7,62.9,115.83,1
167,6.4,4.4,8.4,4.7,1.3,8.6,13.2,8.2,8.3,4.5,4.3,6.3,6.3,11.9,49.13,96.76,1
168,7.2,4.9,8.9,5.8,1.1,9.8,15.5,8.3,8.8,4.2,4.7,8.3,6.6,13.1,55.65,107.14,1
169,7.1,4.6,9.1,4.8,1.4,8.8,13.3,8.3,8.2,5.0,4.0,6.7,6.3,11.0,51.41,98.6,1
170,8.6,4.5,10.6,5.0,2.0,10.5,15.4,8.2,9.2,6.3,4.9,9.9,7.1,14.6,62.68,116.63,1
171,7.9,7.5,10.1,5.9,2.4,11.1,17.4,8.7,8.5,4.7,4.7,10.7,7.1,12.5,63.75,119.21,1
172,6.7,4.5,8.6,4.5,1.3,8.6,13.7,8.3,8.2,4.6,4.4,7.2,6.2,10.4,51.07,97.28,1
173,8.2,5.5,8.8,6.0,1.4,10.5,14.1,8.8,9.0,6.2,5.1,9.4,7.0,13.3,59.18,113.25,1
174,8.5,6.7,10.1,6.5,1.8,10.3,14.4,8.7,9.2,6.3,5.2,8.5,6.8,14.5,61.3,117.43,1
175,7.4,5.1,8.9,5.2,1.4,9.0,13.4,8.8,8.3,5.2,4.8,7.5,6.8,11.6,53.9,103.48,1
176,7.2,6.8,9.1,5.2,2.4,10.7,15.2,9.1,9.4,5.1,5.2,7.6,7.1,15.4,57.0,115.46,1
177,7.1,4.8,8.7,4.6,1.7,8.5,14.6,8.2,8.6,5.1,4.5,6.7,6.6,10.4,53.11,100.06,1
178,7.3,5.3,8.9,5.3,1.5,9.0,13.0,8.3,8.7,4.6,4.4,7.8,6.3,12.1,52.92,102.67,1
179,8.1,5.9,10.4,4.2,1.8,10.5,14.1,9.4,8.9,5.2,4.6,10.1,7.0,16.1,58.37,116.25,1
180,7.8,4.5,10.2,6.3,1.9,10.3,16.2,8.2,9.0,5.3,4.7,8.9,7.1,15.6,61.31,116.04,1
181,7.1,7.1,9.3,7.5,1.4,11.4,17.1,9.5,9.3,7.2,5.8,10.7,7.5,18.2,66.14,129.11,1
182,6.9,5.2,9.2,4.8,1.3,8.2,13.3,8.5,8.5,4.4,4.6,7.8,6.7,11.7,52.16,101.01,1
183,8.1,4.2,9.0,6.0,1.7,8.5,12.8,9.0,8.4,4.2,5.1,8.1,6.9,14.0,55.02,105.97,1
184,8.6,4.6,9.5,6.8,2.4,8.4,17.4,9.0,8.5,6.8,5.4,10.1,6.7,16.9,67.07,121.11,1
185,9.6,6.8,11.6,6.0,2.7,11.1,14.9,9.3,9.8,7.8,5.5,10.5,7.9,16.8,68.52,130.23,1
186,7.6,5.5,8.3,5.5,1.5,9.2,14.9,8.8,8.7,5.4,4.6,8.2,6.6,14.1,55.89,108.71,1
187,7.9,4.4,8.5,4.9,1.6,8.8,14.7,9.0,9.3,6.4,5.0,9.9,7.0,14.6,58.8,111.72,1
188,7.8,5.6,10.1,5.0,2.0,10.3,15.1,9.1,8.8,5.1,4.5,7.0,6.1,12.1,56.63,108.61,1
189,6.4,4.4,8.4,4.4,1.1,8.4,13.0,8.2,8.1,4.5,4.1,6.6,6.1,10.6,48.49,94.39,1
190,8.5,5.0,10.1,5.6,2.1,9.6,17.4,8.8,9.1,6.6,4.8,9.9,7.0,15.9,64.91,120.34,1
191,8.7,6.2,11.3,7.3,2.8,10.1,19.0,8.7,8.4,6.1,5.4,8.6,7.5,16.1,69.19,126.14,1
192,6.6,4.5,8.6,5.2,1.5,9.1,14.5,8.5,8.3,5.4,4.5,7.5,6.6,12.4,53.75,103.18,1
193,8.6,4.7,10.5,6.7,2.3,11.3,18.9,9.6,8.8,6.1,5.3,7.9,6.6,16.6,66.43,124.0,1
194,6.6,4.7,8.8,4.5,1.3,8.1,13.5,8.3,8.3,4.5,4.4,6.6,6.1,11.4,50.16,97.0,1
195,7.7,6.9,9.2,5.3,1.6,10.7,17.0,9.3,8.3,6.8,5.1,10.2,7.2,16.0,62.92,121.25,1
196,8.5,6.0,9.9,6.7,1.9,10.6,18.6,9.5,9.8,6.6,5.2,11.2,7.6,18.5,68.55,130.59,1
197,6.5,5.1,8.4,5.0,1.6,8.6,14.7,8.4,8.5,5.1,4.7,7.6,6.5,11.8,53.69,102.56,1
198,6.8,6.1,8.5,5.6,1.8,9.8,15.3,9.1,8.9,5.4,4.8,7.7,6.2,11.3,55.9,107.19,1
199,6.1,4.3,8.3,4.2,1.1,8.1,12.6,8.2,8.1,4.1,4.1,6.4,6.1,10.7,47.02,92.58,1
200,6.2,4.9,8.6,5.2,1.6,8.7,14.1,8.3,8.3,5.0,4.6,6.8,6.3,11.8,52.23,100.55,1
201,7.1,5.6,10.9,6.8,2.4,8.8,16.8,8.8,9.1,4.9,5.2,9.5,7.5,14.3,63.55,117.66,1
202,7.1,4.7,9.7,4.9,1.3,8.5,15.2,8.6,8.8,5.4,4.5,8.4,6.5,13.2,56.43,106.72,1
203,6.4,4.7,8.6,4.7,1.1,8.3,12.6,8.3,8.4,4.6,4.1,6.8,6.2,10.7,48.95,95.44,1
204,9.0,6.5,10.8,6.6,1.9,10.6,18.1,9.6,8.3,6.3,5.5,10.3,6.6,16.1,68.55,126.2,1
205,6.9,4.7,8.9,5.0,1.4,8.3,12.7,8.5,8.2,4.6,4.4,7.2,6.0,11.9,51.18,98.75,1
206,9.1,6.7,9.0,7.5,2.7,10.7,16.7,8.1,8.8,5.0,4.9,7.2,6.8,14.5,62.07,117.67,1
207,8.2,6.1,10.3,5.6,2.1,11.1,17.4,9.1,8.8,6.5,5.3,9.3,7.4,11.1,64.71,118.26,1
208,7.2,7.1,10.6,7.3,2.7,10.3,16.2,8.8,8.9,7.2,5.0,10.9,7.6,13.2,67.16,123.0,1
209,7.7,4.9,9.2,4.6,1.6,9.7,15.3,8.4,8.5,4.7,4.8,8.3,6.3,10.3,56.22,104.28,1
210,8.3,6.4,8.5,4.4,2.1,9.5,16.7,8.1,9.0,5.4,4.7,8.4,6.8,12.4,58.54,110.76,1
211,9.1,6.0,8.2,7.0,2.1,10.8,14.1,8.9,9.1,6.5,5.4,10.0,6.6,16.3,62.4,120.09,1
212,9.2,7.1,11.1,7.0,2.2,11.3,18.2,8.6,9.4,7.4,5.0,9.5,6.9,16.3,69.37,128.89,1
213,8.5,7.1,11.0,6.4,2.6,10.6,19.3,9.9,9.5,4.4,5.5,10.0,7.2,17.5,67.75,129.53,1
214,8.7,6.2,11.1,6.9,1.7,9.7,18.1,9.3,8.2,6.4,4.9,10.4,6.8,17.2,68.06,125.4,1
215,6.8,5.1,9.2,4.9,1.7,8.8,14.4,8.5,8.5,5.0,4.1,8.0,6.6,11.4,54.19,103.07,1
216,6.0,4.0,8.0,4.0,1.0,8.0,12.0,8.0,8.0,4.0,4.0,6.0,6.0,10.1,45.13,89.27,1
217,7.3,5.0,9.2,7.5,2.8,11.4,17.0,9.5,8.9,6.2,5.1,6.9,7.4,13.8,62.0,118.11,1
218,8.0,4.9,9.6,5.5,1.8,9.3,14.7,9.0,8.6,5.6,4.9,8.2,6.8,13.2,58.2,109.98,1
219,7.3,5.1,10.7,6.0,1.9,8.3,16.2,8.9,8.6,5.9,5.3,6.5,6.9,16.3,59.74,113.87,1
220,7.7,5.7,9.6,6.3,2.2,8.3,14.5,8.7,8.9,6.0,4.4,7.1,7.0,14.3,57.87,110.76,1
221,8.7,5.4,10.3,6.0,1.6,10.0,16.7,9.1,8.0,6.3,5.2,8.5,7.3,16.2,63.28,119.42,1
222,8.6,6.8,9.1,4.1,2.4,8.1,18.4,9.3,8.5,6.3,5.1,10.3,6.9,18.2,64.2,121.96,1
223,7.0,5.6,9.0,4.9,1.6,8.6,15.0,8.4,8.5,5.4,4.8,8.5,6.4,13.4,56.19,107.09,1
224,8.5,5.4,8.6,6.4,1.4,10.1,16.5,8.8,9.0,5.2,4.9,9.6,7.3,15.6,61.06,117.36,1
225,7.1,4.5,9.1,4.9,1.5,9.2,15.1,8.2,8.5,5.5,4.9,8.5,6.5,11.3,56.61,104.85,1
226,8.7,5.9,10.6,6.3,2.2,10.6,17.0,9.4,8.8,5.7,4.3,9.8,6.4,12.6,64.6,118.38,1
227,9.5,6.2,10.5,7.4,1.0,11.4,18.6,9.2,8.7,7.5,5.0,10.4,6.8,17.6,70.01,129.93,1
228,6.8,5.3,9.7,5.2,1.8,8.7,15.4,8.6,8.5,5.3,4.9,6.7,6.8,11.3,55.69,104.93,1
229,8.7,4.8,9.8,7.2,2.8,11.1,18.7,8.9,9.4,7.7,4.6,8.8,7.4,18.6,68.28,128.37,1
230,8.7,6.0,9.8,7.0,2.3,9.6,14.1,9.2,9.7,7.2,5.7,7.5,6.5,16.9,62.33,120.08,1
231,8.4,7.5,11.9,5.9,2.4,11.7,15.7,8.8,9.2,6.7,4.5,10.2,7.7,15.9,65.64,126.53,1
232,8.2,6.4,10.5,6.5,2.2,9.7,16.3,9.0,9.2,6.3,5.1,8.1,6.8,13.1,63.27,117.36,1
233,7.2,5.2,8.6,5.2,1.5,9.2,14.1,8.4,8.4,5.2,4.7,7.1,6.6,13.4,53.61,104.93,1
234,9.4,7.0,9.7,5.3,1.5,10.0,18.4,8.4,9.3,6.5,5.6,10.6,6.2,14.1,67.04,121.97,1
235,7.0,5.4,9.3,5.6,1.8,8.5,14.3,8.2,8.6,5.4,4.9,8.1,6.8,13.4,56.34,107.33,1
236,7.4,6.2,10.3,5.4,1.8,8.7,16.9,8.2,9.0,6.0,5.2,8.8,6.1,10.9,61.79,110.82,1
237,8.4,7.4,11.8,7.7,2.3,11.4,15.4,9.7,9.1,6.4,6.0,9.6,7.5,18.2,67.62,130.83,1
238,8.8,6.9,10.2,6.9,1.9,11.1,14.9,9.6,9.2,5.8,5.7,11.4,7.7,11.9,65.55,122.06,1
239,7.7,5.6,9.5,5.5,1.9,9.9,15.1,9.1,8.8,4.6,5.2,7.7,6.9,12.6,57.2,110.16,1
240,8.4,6.3,11.6,7.6,2.6,11.7,18.8,8.4,8.9,7.3,5.8,10.3,6.7,18.3,72.55,132.88,1
241,8.4,6.0,9.8,5.5,1.8,10.1,12.8,8.4,8.8,6.1,5.3,9.0,6.6,13.0,58.74,111.55,1
242,6.8,5.5,8.3,4.8,1.5,9.2,14.2,8.5,8.7,5.6,4.7,6.6,6.6,12.2,52.44,103.16,1
243,6.9,6.3,10.7,6.9,2.1,9.7,16.6,9.3,9.4,6.3,5.1,10.1,7.4,13.7,64.75,120.58,1
244,8.1,6.4,8.9,5.6,2.0,9.5,16.3,8.9,8.4,6.3,5.2,9.6,6.9,16.0,61.92,118.09,1
245,8.8,6.8,10.7,5.3,2.2,10.0,13.0,8.9,9.3,6.4,5.5,10.5,7.3,17.8,62.51,122.55,1
246,6.8,4.3,11.6,4.9,1.9,10.8,17.2,9.3,9.3,7.5,5.2,7.6,7.6,15.0,62.67,118.96,1
247,7.2,6.0,10.1,4.9,1.7,9.6,13.9,8.5,8.7,5.4,4.1,7.6,6.5,14.5,54.8,108.59,1
248,6.5,4.5,9.5,6.0,2.0,9.7,13.0,8.6,8.7,5.5,4.7,6.5,6.8,12.6,53.69,104.47,1
249,9.0,6.1,11.4,7.4,1.8,9.7,18.3,8.2,9.7,6.8,4.7,7.2,7.0,12.5,66.63,119.85,1
250,7.5,6.4,10.0,6.7,2.3,10.7,16.3,9.1,8.9,6.3,4.4,9.4,6.6,16.3,62.9,120.94,1
251,9.2,6.0,9.5,4.5,2.4,9.2,18.1,8.7,8.9,4.8,5.5,11.1,7.2,10.9,65.13,116.04,1
252,6.4,5.2,9.2,5.2,1.1,8.8,14.0,8.6,8.3,5.1,4.3,6.9,6.5,12.5,52.22,102.26,1
253,7.8,5.9,9.3,4.6,1.9,9.6,15.2,9.0,8.6,5.2,5.0,8.9,6.6,15.0,57.96,112.62,1
254,8.6,6.2,10.6,5.8,1.9,9.8,15.3,8.8,9.3,6.2,4.9,8.1,7.0,13.1,61.29,115.49,1
255,7.3,5.3,8.3,4.9,1.6,9.1,14.5,8.4,8.6,5.4,4.3,7.8,6.5,13.6,53.94,105.31,1
256,8.3,6.9,9.2,6.0,1.6,9.7,17.8,9.5,8.9,6.3,5.4,9.4,7.4,12.2,64.15,118.74,1
257,7.1,5.5,9.1,4.3,1.8,9.6,14.5,8.3,8.4,5.7,4.3,8.6,6.7,13.8,55.21,107.55,1
258,8.3,7.2,9.5,5.6,2.0,9.5,15.1,9.0,9.3,5.6,4.8,10.3,7.3,16.0,61.24,119.58,1
259,7.1,5.7,10.0,6.0,2.6,8.2,19.5,9.7,9.8,7.2,5.5,10.5,6.6,17.2,68.32,125.47,1
260,7.5,5.8,9.8,4.9,1.5,9.1,14.7,8.5,8.3,4.8,4.4,7.6,6.4,11.2,55.19,104.53,1
261,9.0,7.0,11.5,7.2,2.4,10.6,18.3,8.9,8.9,5.7,5.3,8.8,7.1,19.0,68.2,129.62,1
262,8.6,6.7,10.8,6.2,1.6,9.3,16.4,9.1,8.1,5.6,5.3,10.1,6.7,14.7,64.66,119.28,1
263,7.7,5.1,10.1,6.6,2.1,9.2,16.7,9.0,9.3,5.8,4.4,9.3,6.8,16.7,62.76,118.89,1
264,6.6,4.9,9.1,5.2,1.3,8.6,14.7,8.4,8.4,4.4,4.6,6.4,6.4,11.0,52.25,99.9,1
265,9.0,6.3,9.8,5.0,1.9,10.4,16.3,9.4,8.5,5.4,4.6,9.9,7.3,14.4,61.91,118.17,1
266,7.1,5.1,9.6,6.3,2.1,9.3,15.9,9.0,8.7,6.4,4.4,7.0,6.3,12.9,58.89,110.13,1
267,6.8,4.3,8.7,4.0,1.4,8.5,13.0,8.3,8.1,4.3,4.3,6.6,6.4,11.7,49.09,96.49,1
268,6.7,4.2,8.7,4.7,1.1,8.4,13.6,8.3,8.2,4.8,4.3,7.1,6.4,12.0,51.09,98.55,1
269,7.4,5.8,9.5,6.1,2.9,10.3,15.1,10.0,9.9,7.6,4.6,8.3,7.0,19.6,61.6,124.11,1
270,6.3,5.9,9.5,5.8,1.8,9.4,16.4,8.5,8.5,5.7,5.1,7.4,6.8,15.3,58.08,112.45,1
271,7.1,4.6,8.9,4.6,1.4,8.9,14.2,8.1,8.2,5.0,4.3,7.7,6.5,12.0,53.2,101.53,1
272,7.7,5.7,9.5,4.8,1.1,9.1,14.3,8.6,8.1,5.7,4.1,7.4,6.6,11.0,54.58,103.67,1
273,7.4,6.3,9.6,5.5,1.4,9.8,16.8,9.0,8.5,6.4,4.8,8.4,6.3,15.8,60.31,115.95,1
274,9.2,7.1,11.5,7.8,2.7,10.4,14.3,9.4,8.9,5.6,5.7,9.8,7.3,18.1,66.73,128.02,1
275,6.6,5.0,10.2,6.5,2.3,10.2,14.4,8.8,8.7,4.3,5.3,8.5,6.6,16.0,58.11,113.36,1
276,6.2,5.3,9.3,5.0,1.6,10.1,15.2,8.6,9.3,5.9,5.1,8.3,6.8,15.4,56.5,112.06,1
277,7.0,4.8,9.1,4.6,1.3,9.2,12.5,8.3,8.6,4.8,4.4,7.3,6.3,10.8,51.03,99.08,1
278,8.4,6.3,10.0,5.1,1.5,9.3,18.6,9.8,9.6,5.7,5.5,9.9,6.6,18.5,64.62,124.64,1
279,9.6,6.7,11.5,4.2,1.3,11.3,15.2,9.0,9.5,4.4,4.4,10.8,7.3,17.0,61.48,122.34,1
280,7.7,5.9,10.0,5.7,1.9,9.0,15.9,9.0,9.0,6.3,4.7,8.8,6.5,11.8,60.9,112.16,1
281,7.7,4.4,10.6,6.9,2.2,11.7,19.4,9.2,9.8,4.4,4.4,9.5,7.3,13.2,65.1,120.68,1
282,6.7,4.4,8.4,4.7,1.3,8.8,12.9,8.3,8.3,4.3,4.2,7.0,6.4,11.5,49.59,97.3,1
283,7.7,6.5,10.5,6.4,2.0,10.5,18.4,8.7,9.2,5.9,5.3,8.2,7.1,16.7,64.49,123.15,1
284,6.9,5.8,10.3,5.8,1.8,10.3,13.3,9.0,8.5,5.3,5.0,9.0,7.1,11.6,57.37,109.63,1
285,8.3,6.6,10.2,5.1,2.0,10.3,17.6,8.5,8.1,6.1,4.6,10.3,7.1,13.0,64.14,117.82,1
286,8.1,6.3,8.9,6.7,2.2,9.5,16.5,8.0,9.0,5.8,4.2,9.1,6.4,15.1,61.45,115.76,1
287,8.5,6.4,9.3,5.4,1.9,9.9,16.6,9.0,9.2,6.3,5.3,7.0,7.0,14.9,60.26,116.79,1
288,7.6,4.3,9.3,5.3,2.6,10.3,19.4,8.6,9.6,6.9,5.3,9.8,7.6,10.8,66.12,117.28,1
289,8.9,7.4,10.1,6.0,2.1,10.4,19.1,9.5,9.6,6.1,4.1,10.5,7.4,17.5,66.88,128.67,1
290,8.3,5.6,10.0,6.3,2.2,8.5,15.3,9.2,8.9,5.7,5.0,9.1,7.1,14.6,61.94,115.79,1
291,7.2,5.4,9.5,5.8,1.8,8.7,14.7,8.6,8.3,5.4,4.8,7.8,6.6,12.6,57.08,107.28,1
292,7.2,5.3,9.0,4.1,1.1,8.6,14.4,8.3,8.5,5.1,4.6,8.2,6.6,12.8,53.86,103.93,1
293,6.9,4.7,9.3,5.2,1.7,9.1,13.9,8.7,8.6,4.7,4.6,7.2,6.3,13.3,53.4,104.1,1
294,7.3,5.1,9.4,6.9,2.5,11.4,17.9,8.3,8.6,5.3,4.7,9.9,6.4,17.6,63.8,121.21,1
295,7.2,5.7,9.5,5.7,1.5,9.4,15.2,8.0,8.6,5.5,4.8,7.0,6.9,13.9,56.27,108.82,1
296,9.0,6.8,9.6,6.2,1.3,10.9,16.3,9.4,8.6,5.9,5.6,9.8,6.9,13.7,63.71,120.09,1
297,8.3,5.1,11.0,5.7,2.5,9.4,16.1,9.2,8.6,5.5,5.0,10.1,6.8,17.5,64.18,120.77,1
298,8.0,4.2,8.1,6.0,1.9,8.9,13.9,8.4,8.5,6.0,5.0,9.2,6.9,15.0,58.11,110.01,1
299,7.5,7.0,11.5,7.4,1.7,10.1,18.7,9.5,9.2,7.6,5.7,8.5,7.3,11.2,68.71,123.01,1
300,8.6,6.4,10.3,7.1,2.2,9.4,17.4,9.4,8.7,4.6,5.3,7.9,6.6,15.1,63.27,118.88,1
301,9.4,5.1,11.0,5.4,2.4,11.0,17.2,9.4,9.3,6.6,4.9,11.1,7.6,13.1,67.88,123.43,1
302,6.9,5.1,9.5,5.0,1.7,9.0,14.4,8.6,8.5,4.7,4.7,6.7,6.5,12.7,53.5,103.83,1
303,7.1,4.9,9.1,5.0,1.4,8.7,13.9,8.4,8.5,5.0,4.5,7.9,6.2,13.1,54.04,103.82,1
304,7.5,6.4,11.3,6.3,1.7,11.0,17.1,9.4,8.9,6.4,5.5,10.2,6.8,17.8,66.15,126.48,1
305,6.4,4.8,8.9,4.8,1.4,8.8,12.4,8.2,8.4,4.3,4.2,7.2,6.3,11.6,49.73,97.86,1
306,7.5,6.0,10.4,6.2,1.9,8.7,14.8,8.9,9.1,6.5,4.6,7.2,7.3,12.9,59.13,112.04,1
307,7.2,5.2,8.8,5.5,1.5,9.5,13.8,8.6,8.1,5.5,4.7,7.9,6.8,13.3,54.89,106.4,1
308,7.2,6.4,8.9,6.6,2.5,9.7,15.2,8.1,9.4,6.8,4.6,8.1,6.8,13.9,59.84,114.21,1
309,9.5,7.2,10.6,5.2,2.0,9.5,13.2,9.6,9.6,7.0,4.9,7.1,7.6,12.3,59.52,115.31,1
310,7.9,5.4,10.7,7.1,1.9,9.7,14.8,8.9,9.6,6.1,5.4,10.9,7.4,17.6,64.82,123.25,1
311,8.6,6.0,10.1,5.5,1.3,11.2,16.0,8.7,8.9,7.0,5.9,11.9,7.9,19.1,66.35,128.19,1
312,8.4,4.6,9.2,7.0,2.2,8.4,14.9,9.2,8.4,5.7,4.7,8.5,6.9,14.4,60.53,112.34,1
313,7.2,4.4,9.1,4.7,1.6,8.9,14.2,8.4,8.2,4.9,4.7,7.7,6.6,12.8,54.16,103.61,1
314,8.3,6.8,10.3,6.8,2.1,10.9,16.1,9.1,9.6,6.6,5.5,10.0,6.1,16.4,65.66,124.53,1
315,7.2,5.7,9.5,5.0,2.0,9.1,15.4,8.9,8.6,5.9,4.7,9.0,6.6,11.7,58.55,109.32,1
316,8.4,6.4,8.9,7.5,2.8,9.0,16.3,9.8,8.9,5.5,5.4,6.6,7.7,18.0,61.51,121.38,1
317,8.3,6.8,11.3,5.0,1.5,9.5,18.4,9.4,9.4,6.4,4.6,8.3,7.2,17.8,63.85,123.94,1
318,8.4,7.4,9.8,5.3,2.6,11.0,18.3,9.3,8.9,4.6,4.9,8.6,7.8,11.1,62.47,117.85,1
319,9.7,7.2,11.4,6.6,2.8,11.4,16.2,9.7,8.8,4.9,5.8,8.5,6.9,16.3,65.8,126.05,1
320,7.1,4.6,9.9,5.6,1.7,9.4,15.8,8.5,8.6,5.0,4.8,7.0,6.4,13.9,56.87,108.31,1
321,9.7,7.6,10.0,7.3,2.3,11.8,15.8,8.5,9.8,7.6,5.7,11.6,7.5,17.3,70.0,132.47,1
322,9.0,7.0,10.8,5.9,1.4,11.2,15.1,9.4,9.6,7.1,5.2,9.3,7.7,14.6,63.69,123.12,1
323,6.9,5.9,9.5,5.7,1.9,9.4,14.2,9.0,8.4,6.0,4.4,8.0,6.5,14.2,56.66,110.09,1
324,6.9,4.5,8.3,4.5,1.5,8.9,13.8,8.5,8.6,4.6,4.1,7.5,6.6,12.8,51.12,101.04,1
325,9.6,6.4,10.9,6.1,2.2,11.2,17.9,9.0,9.4,7.6,4.9,10.7,7.3,19.3,69.93,132.43,1
326,6.4,5.8,10.3,5.6,2.6,9.2,13.6,9.8,9.6,5.8,5.2,11.3,7.7,18.5,60.95,121.63,1
327,9.0,6.4,11.1,4.4,2.3,9.4,15.3,9.4,8.9,4.8,4.7,8.8,7.1,12.2,60.34,113.74,1
328,9.8,7.0,11.2,7.1,1.7,9.9,13.9,9.5,9.8,6.0,5.3,9.6,7.3,16.0,64.58,124.25,1
329,8.4,5.9,11.1,6.1,2.4,8.8,15.5,9.5,9.6,5.5,5.7,8.9,6.5,17.1,63.62,121.06,1
330,6.8,6.8,10.7,5.1,2.3,9.4,16.2,9.5,9.5,6.3,5.1,6.8,7.3,16.3,59.22,118.03,1
331,8.6,4.5,11.0,5.1,2.6,9.4,12.8,8.8,9.5,5.8,4.9,8.8,7.5,14.6,59.61,113.86,1
332,7.7,6.1,9.3,5.2,1.5,8.8,16.0,8.9,8.4,4.5,4.4,9.1,6.5,12.9,57.68,109.34,1
333,8.1,5.0,9.0,7.3,1.7,10.6,15.1,9.3,9.5,6.7,4.6,8.8,7.3,12.5,61.28,115.43,1
334,7.1,6.5,10.4,5.2,1.8,9.6,14.7,9.0,8.4,5.7,4.7,8.7,6.5,15.3,58.43,113.78,1
335,7.4,5.5,9.5,6.0,2.0,9.4,13.7,9.0,9.4,4.7,4.9,10.1,7.3,15.7,58.41,114.72,1
336,7.5,6.9,8.2,5.7,2.5,11.1,18.0,8.6,9.4,7.3,5.2,9.8,7.4,16.4,64.19,123.9,1
337,9.1,5.6,11.6,5.6,1.4,9.4,15.5,9.9,9.5,7.7,5.3,7.5,7.0,13.0,63.58,118.0,1
338,7.7,6.4,9.3,6.5,1.5,10.4,14.3,9.5,9.2,7.0,5.3,9.8,7.7,17.7,61.47,122.41,1
339,8.0,4.7,9.1,4.5,2.1,10.2,16.6,9.2,9.1,5.9,5.2,8.9,6.4,13.1,60.15,112.88,1
340,8.2,6.2,8.7,4.7,1.9,9.3,14.6,8.5,8.7,4.6,4.5,8.1,6.9,11.9,55.31,106.89,1
341,7.5,6.2,8.1,4.1,1.7,10.1,16.4,9.0,8.9,4.5,5.0,9.2,6.5,15.6,56.71,113.06,1
342,8.3,5.2,10.3,6.8,1.4,10.4,14.0,8.9,8.9,7.1,5.6,8.8,7.1,16.9,62.27,119.73,1
343,7.5,6.1,9.8,6.1,1.3,9.8,14.1,8.3,9.0,4.1,5.1,7.9,6.8,11.3,55.98,107.38,1
344,9.4,5.4,8.4,5.3,2.5,10.4,17.7,9.7,9.3,6.7,5.3,10.4,7.5,11.8,65.68,119.78,1
345,6.6,4.6,8.9,4.7,1.2,8.8,13.5,8.2,8.5,4.6,4.4,7.4,6.4,12.3,51.23,99.91,1
346,7.8,5.2,10.9,6.8,2.1,9.9,16.1,8.8,9.3,5.9,4.7,9.3,6.8,16.5,63.56,120.09,1
347,6.6,5.0,8.5,5.1,1.4,8.7,14.1,8.4,8.6,4.8,4.3,7.5,6.2,11.5,52.26,100.56,1
348,6.1,4.5,8.5,4.5,1.2,8.5,13.6,8.2,8.3,4.7,4.1,7.0,6.1,11.3,49.76,96.74,1
349,7.6,4.5,10.5,4.8,1.9,9.4,15.3,9.2,8.4,6.1,4.5,6.2,7.2,15.5,56.82,111.03,1
350,7.2,5.2,10.4,6.6,1.9,8.9,17.8,9.2,8.8,6.2,4.2,10.4,6.6,14.8,64.59,118.12,1
351,8.7,6.6,11.0,4.9,2.6,11.4,17.4,9.6,9.2,5.8,5.3,10.4,7.0,18.9,66.07,128.83,1
352,7.3,6.2,8.4,5.7,2.8,11.4,18.6,9.7,9.1,5.9,4.6,9.8,7.0,12.7,63.14,119.36,1
353,6.5,4.8,8.7,4.6,1.2,8.5,13.5,8.1,8.3,4.5,4.2,6.7,6.4,11.3,49.86,97.19,1
354,7.6,6.0,9.9,7.0,1.5,11.3,18.9,9.3,8.8,5.5,5.0,10.9,6.9,13.2,66.32,121.73,1
355,6.7,5.0,8.8,4.7,1.1,9.0,13.8,8.3,8.5,5.0,4.3,7.4,6.3,11.6,51.87,100.45,1
356,9.7,7.1,9.7,7.2,2.8,10.9,17.1,9.6,9.1,5.9,5.1,11.3,6.3,19.2,68.78,130.81,1
357,8.6,6.2,10.7,6.6,2.2,8.7,12.9,9.3,9.3,6.8,4.6,7.7,6.6,14.3,60.13,114.49,1
358,6.9,5.7,9.1,5.4,2.4,10.0,13.8,8.6,8.8,5.4,5.3,9.9,7.4,14.8,58.15,113.46,1
359,8.9,7.0,10.8,6.7,2.2,10.4,13.5,9.2,9.2,7.2,5.5,7.4,6.8,13.7,62.21,118.43,1
360,8.8,6.4,11.5,7.4,2.0,11.4,16.9,9.3,8.9,5.7,4.7,10.4,7.7,14.3,67.43,125.43,1
361,7.4,4.5,9.0,5.6,1.6,9.5,14.5,8.7,8.8,5.0,4.6,8.4,6.7,12.7,56.07,106.96,1
362,6.6,4.9,8.6,5.0,1.4,8.8,12.5,8.4,8.3,5.3,4.7,7.6,6.2,13.0,51.68,101.37,1
363,7.4,6.0,9.3,6.3,2.2,9.4,14.6,9.0,8.8,6.6,4.9,6.3,7.0,15.4,57.61,113.27,1
364,7.5,7.4,10.5,7.8,3.0,10.2,18.0,10.0,9.3,7.4,5.5,7.0,7.6,19.5,66.69,130.62,1
365,6.3,4.5,9.2,4.4,1.6,9.2,14.5,8.6,8.3,4.6,4.6,7.9,6.6,10.8,53.23,101.28,1
366,6.8,5.7,9.9,6.0,1.7,8.4,14.2,8.8,8.9,6.0,4.9,7.7,6.4,13.2,57.27,108.61,1
367,6.6,5.3,9.4,4.5,1.3,9.6,15.2,8.6,8.7,4.3,4.7,7.5,6.6,12.7,53.5,105.12,1
368,9.1,5.0,9.6,7.1,2.5,10.6,13.2,9.3,9.3,6.2,5.0,9.9,7.5,14.5,62.59,118.72,1
369,8.0,5.9,10.1,5.8,2.0,8.9,15.6,8.3,8.5,4.6,4.7,8.3,6.5,14.4,59.04,111.5,1
370,7.1,6.8,11.2,6.7,2.2,10.1,18.4,9.1,9.2,5.5,5.2,9.6,7.4,16.8,65.97,125.29,1
371,8.7,5.2,10.0,6.0,1.5,10.4,16.0,9.4,8.5,5.3,4.6,10.0,7.4,16.7,62.24,119.79,1
372,7.2,7.6,8.9,7.5,2.1,11.4,19.1,9.7,9.8,7.3,4.3,6.7,7.8,14.9,63.19,124.44,1
373,7.7,5.1,9.4,5.7,1.7,8.7,12.6,8.7,8.5,5.7,4.9,8.5,6.9,14.2,56.14,108.19,1
374,6.8,5.6,9.2,4.4,1.8,9.6,13.6,8.8,8.6,5.4,4.7,8.1,6.8,13.3,53.94,106.66,1
375,7.5,4.8,9.3,4.7,1.3,9.9,13.1,8.7,8.2,5.6,5.0,7.8,6.5,13.4,54.28,105.85,1
376,8.7,6.7,10.1,5.7,2.4,9.8,14.8,8.4,9.3,5.9,5.1,9.4,7.2,13.4,62.11,117.0,1
377,7.1,5.1,9.0,4.9,1.8,9.8,15.7,8.9,8.7,5.0,4.3,7.2,6.9,12.4,55.0,106.83,1
378,6.9,6.0,9.6,5.1,1.9,8.5,15.7,9.0,8.7,5.6,4.8,8.8,7.0,15.0,58.45,112.85,1
379,6.9,6.1,10.7,6.5,2.3,9.7,16.8,8.4,9.0,6.3,5.4,10.3,7.0,15.3,65.05,120.68,1
380,7.4,4.6,9.6,5.6,1.9,10.0,13.7,8.7,8.7,6.1,4.6,9.1,7.1,15.0,58.13,112.25,1
381,8.2,5.2,9.1,5.7,2.1,9.0,13.3,9.1,9.1,5.7,4.8,8.8,6.6,14.7,57.58,111.25,1
382,8.8,6.6,11.1,7.0,1.9,10.8,15.5,8.9,8.7,6.6,5.0,10.0,6.8,12.9,65.78,120.5,1
383,7.9,7.2,10.9,6.7,2.7,11.4,19.9,9.8,9.9,7.3,5.7,12.0,7.9,19.3,73.17,138.59,1
384,9.2,7.5,10.6,6.9,2.7,9.7,18.3,8.8,9.6,6.8,5.8,10.0,7.7,13.5,70.17,127.02,1
385,7.3,5.2,9.4,4.7,1.4,8.7,15.0,8.5,8.2,4.6,4.8,8.5,6.8,14.0,55.74,107.17,1
386,8.1,5.0,9.9,5.3,1.8,9.3,15.7,8.8,8.7,6.4,4.4,7.4,6.9,16.0,58.94,113.66,1
387,7.4,6.0,9.9,6.2,1.8,10.1,16.1,8.6,8.6,5.0,5.0,9.2,6.7,13.7,60.61,114.23,1
388,6.1,4.1,8.1,4.1,1.1,8.1,12.2,8.1,8.1,4.1,4.0,6.2,6.1,10.3,46.03,90.81,1
389,8.3,5.2,10.2,5.4,1.8,10.2,16.7,8.7,8.4,6.5,5.2,8.9,6.9,13.3,62.93,115.78,1
390,7.5,5.5,9.7,6.2,2.4,9.9,16.5,9.4,9.3,5.9,5.2,9.9,6.8,11.9,63.45,116.22,1
391,9.6,6.0,11.3,7.8,2.0,10.4,14.8,9.1,9.6,7.8,5.8,8.7,7.8,19.2,67.78,129.86,1
392,9.0,7.1,9.2,5.2,1.8,8.9,18.3,8.5,9.1,6.2,4.5,7.5,7.0,16.1,61.63,118.28,1
393,7.6,7.8,9.4,7.6,2.3,11.6,18.9,9.4,9.2,7.3,5.1,6.6,7.5,18.9,64.82,129.23,1
394,7.1,4.8,9.1,5.6,2.0,9.4,12.9,8.9,9.2,5.4,5.2,9.4,7.1,11.7,56.67,107.72,1
395,9.5,6.3,10.8,6.4,2.3,11.3,17.0,8.5,9.3,6.6,5.4,11.1,6.6,19.2,69.07,130.27,1
396,8.3,5.4,9.3,7.1,1.7,8.6,18.7,9.2,8.4,5.5,5.7,9.7,7.7,19.6,66.01,124.89,1
397,7.8,6.0,9.9,5.6,2.0,11.5,14.0,9.5,9.6,6.1,5.8,10.9,7.6,14.4,62.19,120.72,1
398,8.6,6.5,11.1,5.8,2.6,9.2,14.5,8.7,8.3,6.7,5.4,10.2,6.9,12.7,64.92,117.3,1
399,7.9,5.5,10.4,5.5,2.0,8.4,14.2,8.5,8.3,5.0,5.1,9.3,6.7,15.4,59.46,112.39,1
400,6.8,6.6,9.4,5.8,2.4,10.2,14.0,8.7,8.9,4.7,5.4,10.0,7.5,11.6,58.36,111.72,1
401,7.0,6.5,10.6,4.5,2.2,11.5,17.6,9.5,9.3,5.3,5.6,7.9,6.8,16.1,60.75,120.54,1
402,9.6,6.8,11.3,7.3,2.4,11.0,17.4,8.6,9.2,7.4,5.8,10.2,7.5,18.5,71.39,132.96,1
403,8.4,6.3,11.4,7.5,2.9,11.5,19.7,9.4,8.4,6.7,5.9,11.5,7.0,18.3,74.02,134.91,1
404,7.0,4.3,8.8,4.6,1.4,8.1,13.1,8.4,8.1,4.3,4.5,6.6,6.4,11.7,50.29,97.39,1
405,8.1,6.2,10.0,6.2,1.9,10.2,14.1,9.3,8.8,5.8,4.3,8.9,6.7,14.4,59.22,114.87,1
406,7.9,6.0,9.9,5.6,1.4,9.1,14.0,8.7,9.0,6.0,5.0,8.9,7.0,12.9,58.64,111.37,1
407,6.9,4.8,8.4,5.0,2.6,11.1,17.0,8.8,8.8,6.9,5.6,9.1,7.3,15.2,61.33,117.35,1
408,7.9,4.9,9.8,6.0,2.0,8.3,15.2,8.8,8.8,5.9,5.0,8.8,6.9,15.5,60.52,113.7,1
409,6.7,5.1,9.0,5.0,1.8,9.4,14.7,8.2,8.7,5.0,4.7,6.7,6.5,13.6,53.66,105.07,1
410,7.0,5.7,9.5,5.8,1.8,10.1,15.0,8.7,8.5,5.6,4.5,7.3,6.8,13.4,56.51,109.67,1
411,7.6,5.6,8.8,5.7,1.7,9.8,15.2,8.6,8.9,4.6,4.4,8.2,6.8,14.0,56.18,109.94,1
412,7.1,5.7,10.8,4.4,1.9,10.6,14.5,9.0,8.5,6.2,5.4,9.1,7.1,17.1,59.36,117.46,1
413,7.2,5.3,9.1,5.2,1.7,9.3,14.3,8.7,8.7,4.9,4.5,6.9,6.4,13.1,53.76,105.28,1
414,7.5,6.7,9.8,6.4,2.1,10.8,17.2,8.8,9.2,4.3,5.2,10.6,7.4,17.9,63.1,123.87,1
415,7.8,6.0,9.7,6.0,1.4,9.6,13.4,8.8,8.7,6.0,4.7,8.2,6.7,14.0,57.17,111.0,1
416,6.2,5.5,9.3,5.2,1.5,8.6,14.4,8.8,8.3,5.5,4.8,7.7,6.7,13.4,54.59,105.96,1
417,6.9,6.9,11.1,6.9,1.3,10.1,13.5,9.6,9.7,7.1,5.2,10.5,7.0,15.9,62.53,121.77,1
418,9.4,7.2,10.5,7.3,1.8,9.3,13.3,9.3,9.5,7.1,5.3,8.8,7.7,18.7,63.59,125.31,1
419,7.2,5.3,9.2,5.0,1.5,8.5,12.8,8.6,8.2,4.8,4.2,7.6,6.4,12.1,52.2,101.37,1
420,6.6,4.9,9.2,5.1,1.4,9.2,14.5,8.2,8.5,5.2,4.5,7.7,6.3,11.9,54.32,103.38,1
421,6.8,5.2,8.2,4.7,1.6,8.9,14.4,8.5,8.3,5.1,4.3,6.9,6.6,12.8,52.05,102.44,1
422,8.6,6.9,10.8,5.4,2.1,11.1,13.7,8.9,9.4,6.2,5.4,9.5,6.5,17.0,61.7,121.57,1
423,6.9,4.4,8.8,4.6,1.4,8.8,14.2,8.2,8.5,5.1,4.3,6.8,6.6,11.8,52.21,100.45,1
424,7.4,6.7,10.8,6.8,2.5,10.3,16.2,9.3,9.6,5.5,4.6,9.4,7.1,14.3,63.38,120.72,1
425,9.1,6.3,10.3,6.1,2.2,10.3,16.7,8.8,9.5,5.7,5.5,9.2,7.0,13.6,64.7,120.33,1
426,8.2,4.6,11.1,4.9,1.8,9.1,17.4,9.0,9.7,7.1,5.6,9.7,6.8,17.9,65.76,122.93,1
427,6.0,4.1,8.1,4.0,1.0,8.1,12.2,8.0,8.0,4.0,4.0,6.1,6.0,10.2,45.52,89.98,1
428,10.0,7.7,11.2,5.5,2.9,10.3,15.9,9.4,8.7,7.4,4.6,10.5,7.7,17.6,67.97,129.22,1
429,6.2,4.8,9.4,4.7,1.6,8.7,13.7,8.3,8.3,5.2,4.6,7.6,6.7,12.5,53.03,102.44,1
430,8.3,5.5,9.8,5.6,2.1,8.6,15.6,8.9,9.1,5.7,5.1,7.9,6.7,14.6,60.11,113.59,1
431,8.7,5.5,9.0,6.7,1.3,10.8,16.4,8.7,9.0,6.3,5.5,9.3,7.2,17.0,63.1,121.2,1
432,8.4,6.7,10.3,4.8,2.3,10.7,15.7,9.3,9.4,6.3,5.1,8.4,6.6,16.0,61.25,119.95,1
433,8.0,4.4,9.3,6.0,1.9,9.2,15.4,8.3,8.4,5.4,4.9,8.5,6.9,15.1,59.4,111.62,1
434,7.6,6.4,9.4,5.2,1.1,9.7,15.3,8.5,9.1,5.0,5.0,8.9,7.1,14.1,57.5,112.41,1
435,7.5,5.0,10.0,6.1,1.3,10.1,14.0,8.8,8.8,4.8,5.0,8.8,7.0,11.3,57.58,108.66,1
436,9.3,7.3,11.4,7.5,1.9,8.9,13.7,9.8,9.1,7.1,4.8,11.0,6.9,18.0,66.6,126.6,1
437,8.1,4.2,10.8,7.2,2.7,10.1,18.7,9.8,9.3,7.3,5.8,9.8,6.3,19.1,70.38,129.17,1
438,6.1,4.2,8.4,4.2,1.2,8.4,12.8,8.0,8.1,4.5,4.2,6.7,6.1,10.2,48.12,93.21,1
439,7.5,6.2,9.1,6.1,1.6,9.6,15.9,8.1,8.7,5.7,4.3,7.5,6.9,13.3,57.72,110.52,1
440,8.7,5.5,11.5,6.5,2.2,9.4,18.4,9.7,9.7,7.3,5.4,7.7,7.0,17.5,67.64,126.49,1
441,6.4,6.3,9.3,5.9,1.3,9.9,15.9,9.1,8.9,6.1,5.1,7.6,7.1,15.0,57.59,113.95,1
442,7.4,5.0,9.2,5.9,2.1,9.9,16.7,9.4,8.6,6.0,4.4,8.9,7.3,13.3,60.61,114.11,1
443,7.4,5.2,8.4,5.2,1.3,9.1,13.5,8.4,8.6,5.2,4.2,7.0,6.7,13.2,52.27,103.47,1
444,6.7,4.8,8.3,4.8,1.4,8.6,12.4,8.3,8.2,4.4,4.4,6.9,6.3,10.6,49.43,96.32,1
445,6.9,4.6,8.7,4.6,1.3,8.4,12.9,8.2,8.3,4.3,4.2,6.7,6.4,11.7,49.73,97.35,1
446,7.7,4.6,9.5,5.2,1.8,9.5,14.6,8.6,8.3,4.9,4.8,8.5,6.8,14.0,56.92,108.56,1
447,7.4,5.0,8.5,5.0,1.6,9.4,14.7,8.6,8.7,5.2,4.5,7.4,6.6,11.6,54.33,104.15,1
448,6.9,5.7,9.4,5.5,1.2,9.1,15.0,8.8,8.9,5.5,4.5,7.3,6.6,10.8,55.26,105.23,1
449,8.1,7.2,11.1,7.1,2.4,10.7,17.0,9.3,9.2,5.4,4.6,8.4,7.4,14.4,63.99,122.2,1
450,8.0,5.8,9.8,6.3,1.8,9.6,16.0,8.7,8.9,6.3,4.3,9.4,7.1,11.2,62.01,113.28,1
451,9.3,6.3,10.5,6.5,2.1,10.2,17.5,9.2,9.1,5.9,5.2,10.4,7.7,17.4,67.38,127.25,1
452,6.9,5.4,9.4,5.5,1.8,9.4,13.7,8.6,8.7,4.6,4.6,8.4,6.7,11.5,54.89,105.09,1
453,6.8,4.5,8.5,4.5,1.2,8.7,13.1,8.3,8.3,4.0,4.2,6.8,6.3,11.2,49.0,96.21,1
454,6.4,5.9,10.0,5.2,1.6,9.0,15.3,8.8,8.5,5.9,4.2,9.2,7.2,12.8,57.63,109.86,1
455,7.7,6.6,9.0,5.8,2.3,10.7,15.6,9.3,9.2,5.0,5.1,8.9,6.9,12.5,59.36,114.61,1
456,6.8,5.9,9.6,5.6,1.9,8.7,14.2,8.9,9.1,5.5,4.7,7.6,6.5,13.7,55.78,108.61,1
457,7.6,5.9,9.8,6.3,1.7,8.5,15.6,8.9,8.9,6.6,5.1,8.1,7.0,16.1,60.71,115.99,1
458,8.9,6.7,11.2,4.5,2.6,10.6,18.2,8.6,8.9,7.0,5.0,10.0,7.1,17.0,67.32,126.26,1
459,6.8,6.3,10.3,5.7,2.2,10.1,14.5,9.4,9.2,6.3,4.9,9.4,7.1,13.9,60.12,116.11,1
460,7.3,5.7,11.1,5.6,2.4,9.1,17.9,8.5,9.3,6.8,5.5,9.2,7.3,17.0,65.82,122.81,1
461,6.7,4.8,8.7,4.8,1.3,8.5,12.7,8.3,8.2,4.3,4.4,7.0,6.3,10.2,49.83,96.11,1
462,6.5,5.4,8.6,5.5,2.0,9.9,14.5,8.8,8.7,5.1,4.3,8.7,6.8,14.1,55.19,108.88,1
463,8.5,7.0,10.4,7.0,2.6,10.2,15.2,9.7,9.7,6.8,5.7,10.5,7.1,18.1,66.77,128.51,1
464,7.1,4.8,8.6,4.9,1.6,9.4,14.5,8.6,8.2,4.4,4.4,7.9,6.6,12.8,53.37,103.76,1
465,7.2,4.8,10.2,4.7,2.0,9.9,15.4,9.0,9.1,5.8,4.4,9.2,6.8,15.8,58.94,114.4,1
466,7.8,6.3,9.0,5.3,1.4,10.0,14.8,8.6,8.9,6.3,4.4,9.0,6.7,12.3,58.2,111.11,1
467,9.2,7.5,10.4,7.8,1.8,10.2,18.3,9.8,9.8,4.3,5.3,9.2,7.3,12.4,66.36,123.39,1
468,7.9,7.2,10.1,7.1,2.2,10.9,17.6,9.7,9.3,7.2,5.2,7.7,7.6,18.2,64.98,127.85,1
469,7.2,5.2,8.6,5.3,1.2,9.2,14.5,8.4,8.3,5.3,4.6,7.6,6.6,13.0,54.25,104.88,1
470,9.0,5.5,8.8,6.8,2.4,11.0,15.9,9.0,9.1,7.1,4.9,10.4,7.2,15.5,65.3,122.69,1
471,9.1,5.2,9.1,6.2,2.5,11.3,15.5,9.2,8.6,6.7,4.6,6.4,7.4,18.0,60.06,119.72,1
472,8.1,5.9,9.2,5.8,2.1,9.9,14.6,8.8,8.7,6.2,4.8,6.7,6.7,13.2,57.55,110.83,1
473,6.8,5.9,10.1,7.0,1.9,9.8,16.2,9.4,9.2,6.8,5.4,9.7,7.5,17.8,63.78,123.46,1
474,9.7,6.2,10.0,6.6,2.3,9.1,16.9,9.7,9.7,4.2,5.7,7.8,7.9,14.5,63.19,120.29,1
475,8.6,6.8,10.8,7.3,1.6,10.5,14.5,8.6,8.9,7.7,5.3,11.0,7.6,19.6,66.82,128.97,1
476,7.3,6.9,10.0,6.5,2.1,9.9,14.3,9.5,8.8,5.5,5.5,6.2,7.3,15.2,57.5,115.16,1
477,7.6,7.3,10.2,5.0,2.7,9.3,13.5,9.3,9.4,7.3,4.9,8.0,7.2,18.5,59.16,120.12,1
478,8.8,6.8,9.6,5.6,2.0,9.3,17.9,9.2,9.4,7.1,4.4,10.4,7.4,15.5,65.91,123.47,1
479,8.8,5.9,10.7,7.0,1.7,9.4,17.0,9.4,9.0,6.1,5.4,9.3,7.1,16.7,65.96,123.56,1
480,6.9,5.3,9.5,5.5,1.6,9.5,15.0,8.4,8.3,4.9,4.3,7.0,6.7,12.8,54.64,105.7,1
481,7.1,5.5,9.1,5.5,1.6,8.5,12.5,8.8,8.3,4.7,4.7,8.3,6.7,10.5,53.46,101.83,1
482,9.1,7.2,10.3,6.5,2.8,10.2,19.4,8.4,9.3,7.8,4.7,11.6,7.7,19.5,72.13,134.37,1
483,9.5,7.2,10.1,7.0,2.8,11.2,16.8,9.2,9.9,5.3,5.7,8.0,7.0,14.7,65.24,124.3,1
484,8.4,6.6,9.6,7.1,1.9,9.2,14.1,9.5,9.7,6.6,5.6,11.1,6.3,15.2,64.27,120.63,1
485,7.0,6.0,10.6,5.5,1.9,10.8,15.1,9.0,8.6,6.5,5.2,6.4,7.2,14.3,58.35,114.26,1
486,6.9,5.0,9.2,5.0,1.8,9.4,13.6,8.4,8.8,5.2,4.3,7.9,6.7,10.9,54.01,103.12,1
487,8.1,7.6,11.2,7.1,1.7,11.6,19.3,9.7,8.7,6.2,5.4,7.4,7.4,15.3,66.41,126.74,1
488,8.1,5.7,10.1,5.3,1.6,10.1,16.3,8.8,9.0,5.5,4.6,7.2,7.1,14.4,58.69,113.84,1
489,8.3,6.3,11.2,6.9,2.2,9.7,18.1,9.1,9.2,7.1,4.8,8.9,7.1,16.9,67.47,125.85,1
490,9.1,7.5,11.4,4.7,1.9,11.0,15.2,8.4,9.4,5.9,4.1,7.4,7.6,18.7,59.78,122.51,1
491,9.4,5.8,10.3,5.5,1.5,11.2,18.4,9.2,9.4,5.5,5.5,11.0,7.4,18.5,67.0,128.49,1
492,8.3,5.6,9.3,6.4,2.1,10.3,16.4,9.2,8.1,5.3,4.5,9.4,7.2,16.0,61.7,118.02,1
493,8.5,6.1,9.6,5.5,1.7,9.0,15.0,9.0,8.7,4.6,4.9,7.7,7.0,16.6,57.5,113.83,1
494,8.1,5.0,10.1,6.7,2.3,10.8,15.2,8.5,8.9,6.3,5.1,9.1,6.5,14.8,62.86,117.49,1
495,6.4,5.8,10.0,6.0,2.2,9.8,17.5,9.3,9.0,5.4,4.4,8.3,7.4,12.5,60.36,114.14,1
496,7.9,5.1,9.3,5.3,1.8,9.4,15.6,8.9,9.0,5.6,4.9,9.0,7.0,14.9,59.27,113.49,1
497,7.3,7.0,10.3,6.7,2.0,10.1,17.6,9.4,9.2,7.4,5.3,11.2,7.6,11.1,67.69,122.14,1
498,7.5,5.0,9.7,4.6,1.4,9.8,15.6,8.4,8.8,5.8,4.7,8.2,6.7,11.0,57.48,107.2,1
499,8.5,7.1,10.6,7.0,2.4,9.5,12.7,8.8,9.4,5.2,5.2,10.6,7.3,16.7,62.17,120.91,1
500,7.3,4.8,8.4,5.9,1.5,9.2,14.9,8.3,8.7,5.9,4.9,6.1,6.7,14.1,55.0,106.77,1
501,6.5,5.3,8.7,5.0,1.3,9.2,14.4,8.6,8.6,5.1,4.5,6.9,6.5,13.1,52.42,103.63,1
502,9.3,4.6,8.5,7.0,2.0,9.8,16.8,8.6,9.4,6.9,5.7,8.9,7.4,17.0,65.15,121.97,1
503,9.3,5.8,10.8,5.0,1.6,10.3,18.0,9.3,9.4,7.1,5.7,8.5,7.7,15.7,66.11,124.25,1
504,8.1,6.3,9.4,5.3,1.9,9.7,13.7,9.1,8.8,5.3,5.0,8.1,6.8,12.7,56.72,110.25,1
505,7.8,5.6,9.0,5.4,2.0,9.3,15.9,8.9,8.9,4.9,4.3,9.9,6.8,16.1,59.19,114.75,1
506,6.8,4.6,8.2,5.0,1.4,8.6,13.7,8.2,8.5,4.3,4.4,7.4,6.5,13.0,51.17,100.61,1
507,8.8,6.3,9.7,6.5,2.6,9.1,17.0,8.5,9.3,5.7,4.6,11.1,6.8,17.5,65.78,123.34,1
508,9.1,6.2,10.9,5.2,1.7,9.5,14.6,8.9,9.0,6.1,4.9,11.1,7.4,15.3,63.54,119.79,1
509,8.9,6.3,11.3,7.1,2.0,8.5,16.8,9.6,9.1,4.3,5.0,9.1,6.6,11.0,64.36,115.33,1
510,8.2,5.5,8.9,6.1,2.0,9.0,13.7,9.1,8.3,6.1,5.1,8.3,7.1,12.3,58.43,109.74,1
511,7.9,6.4,10.4,5.3,2.2,9.2,15.7,9.1,9.0,4.4,4.9,7.1,6.7,15.6,57.81,113.81,1
512,7.5,4.4,9.5,5.1,1.9,9.8,13.2,8.9,8.7,4.8,4.3,8.4,6.2,13.7,54.63,106.27,1
513,7.3,5.8,9.5,7.1,2.2,10.5,16.4,9.0,9.4,6.0,4.7,6.5,7.0,15.8,59.81,117.41,1
514,8.9,7.4,9.5,5.8,2.6,10.7,18.0,9.5,9.2,5.5,5.2,10.0,7.4,13.0,65.69,122.83,1
515,9.2,6.7,10.3,7.1,1.8,11.2,16.9,9.5,9.2,7.2,4.2,10.2,7.5,12.3,66.96,123.29,1
516,6.2,4.3,8.3,4.3,1.2,8.2,12.6,8.2,8.1,4.2,4.1,6.3,6.0,10.8,47.25,92.79,1
517,7.3,5.1,8.8,4.6,1.7,9.0,13.7,8.5,8.4,4.9,4.6,7.9,6.6,13.3,53.43,104.38,1
518,7.5,6.3,9.6,5.3,2.5,10.9,16.9,9.3,8.5,6.7,4.9,10.4,7.4,16.7,63.88,123.03,1
519,7.6,5.4,9.9,4.1,2.2,9.6,16.0,8.7,9.0,5.4,5.2,9.0,6.5,14.7,59.47,113.25,1
520,8.2,6.0,10.9,4.6,1.5,9.7,16.1,9.4,9.4,5.6,5.4,10.7,6.8,17.5,62.96,121.68,1
521,9.6,7.2,11.2,6.2,2.6,10.5,17.4,9.0,9.5,6.9,5.5,9.5,7.5,19.3,68.89,131.95,1
522,8.4,6.5,10.0,7.4,2.7,9.2,13.3,9.8,9.8,6.2,5.0,8.2,6.8,17.8,61.07,121.01,1
523,8.2,6.9,9.3,6.3,1.7,8.7,16.9,9.1,8.6,7.2,5.1,9.6,7.3,16.9,64.27,121.78,1
524,6.9,5.3,9.2,5.2,1.5,8.1,13.1,8.7,8.6,5.2,4.2,8.0,6.5,13.0,53.31,103.52,1
525,7.7,5.5,11.0,6.7,1.2,10.0,16.7,8.9,9.1,6.8,5.3,10.3,7.1,13.6,65.78,119.93,1
526,9.3,6.0,8.9,6.1,3.0,11.0,18.6,9.7,8.8,7.0,4.5,11.3,8.0,17.1,68.68,129.39,1
527,7.3,4.9,8.7,5.0,1.3,9.0,14.4,8.6,8.5,5.5,4.8,7.1,6.6,13.2,54.07,104.84,1
528,6.8,4.5,8.3,4.8,1.3,8.9,13.3,8.3,8.5,4.5,4.4,7.1,6.4,10.6,50.65,97.79,1
529,7.7,5.6,11.2,7.1,1.4,9.8,14.6,9.2,8.7,6.3,5.3,8.2,7.3,17.5,61.82,120.02,1
530,6.2,4.6,8.2,4.3,1.3,8.4,13.2,8.4,8.3,4.8,4.3,7.1,6.3,10.6,49.27,95.81,1
531,9.2,7.1,10.4,5.0,2.5,10.9,13.6,8.6,8.9,5.1,5.1,10.1,6.3,16.5,61.07,119.46,1
532,7.9,5.6,10.4,7.0,2.5,9.2,18.1,8.9,9.1,5.7,5.6,10.3,6.6,17.8,67.64,124.94,1
533,6.9,6.3,10.3,6.2,1.7,9.5,16.9,9.4,9.3,6.0,4.5,9.3,6.5,10.9,61.83,113.66,1
534,7.4,4.9,9.0,5.1,1.8,9.1,14.8,8.6,8.3,5.6,4.6,8.2,6.5,14.1,56.3,107.77,1
535,8.2,5.8,11.8,5.0,2.9,11.4,16.9,8.8,9.2,6.2,5.4,10.3,7.5,14.4,66.64,123.74,1
536,7.1,5.2,9.8,5.8,1.7,8.8,14.6,8.6,9.1,5.4,4.8,8.3,6.5,14.3,57.59,110.04,1
537,7.0,5.2,9.2,5.2,1.5,9.4,13.5,8.5,8.3,5.0,4.4,7.4,6.6,13.0,53.16,104.17,1
538,9.6,7.0,11.0,7.4,2.8,9.9,16.0,9.8,9.8,7.4,4.9,10.7,6.8,19.0,69.84,132.05,1
539,6.7,4.6,8.7,4.4,1.4,8.6,13.3,8.4,8.4,4.3,4.2,6.9,6.4,12.5,50.03,98.81,1
540,8.4,5.0,9.9,6.6,2.1,10.0,18.5,9.8,9.7,7.9,5.5,7.8,6.8,15.6,66.74,123.69,1
541,7.3,4.3,8.4,4.4,1.5,8.5,14.7,8.6,8.4,5.0,4.5,7.3,6.5,12.4,53.14,101.9,1
542,8.6,5.9,8.3,5.4,2.4,10.0,14.2,8.5,9.4,4.6,5.2,9.6,7.2,16.8,58.39,116.07,1
543,6.3,6.6,10.2,6.8,2.0,9.6,18.2,9.0,9.4,6.7,4.5,8.3,7.1,13.3,62.9,117.89,1
544,7.5,6.6,10.1,4.7,2.3,10.3,18.2,8.5,8.8,7.7,5.8,11.3,7.1,17.6,67.53,126.43,1
545,8.0,6.0,8.4,6.0,1.2,10.2,16.4,9.2,9.3,5.3,5.3,9.5,6.4,15.1,60.15,116.34,1
546,9.6,7.3,8.8,5.5,2.7,10.3,17.9,8.5,9.1,5.8,4.5,8.8,7.4,16.1,63.65,122.38,1
547,9.4,7.2,10.7,5.0,2.1,9.8,17.0,8.9,9.0,7.2,4.8,8.2,7.7,15.2,64.26,122.05,1
548,6.4,4.5,9.8,5.0,1.1,9.7,14.7,8.5,8.6,5.4,4.9,8.1,6.8,14.3,55.42,107.82,1
549,7.4,6.0,10.6,6.1,1.6,10.7,17.1,9.3,8.7,7.2,5.5,9.7,6.9,14.8,65.03,121.38,1
550,9.3,5.1,10.4,5.9,1.7,11.2,18.8,9.1,8.7,7.3,4.8,10.7,7.5,13.8,68.95,124.29,1
551,8.0,6.7,10.6,6.1,2.1,10.4,15.6,9.3,9.0,4.5,4.9,8.2,6.3,12.8,59.93,114.47,1
552,7.3,4.8,9.1,5.5,1.7,9.5,15.0,8.6,8.3,4.8,4.6,7.1,6.5,12.1,55.16,104.86,1
553,7.0,5.9,9.1,5.1,1.5,9.5,15.0,8.9,8.8,5.5,4.8,8.3,6.1,14.7,56.35,110.2,1
554,7.3,4.6,8.8,4.7,1.2,8.9,14.9,8.7,8.5,5.5,4.6,8.1,6.6,13.5,55.1,105.8,1
555,6.5,4.3,8.9,4.8,1.4,8.9,13.9,8.4,8.2,4.7,4.3,7.0,6.3,10.9,51.47,98.46,1
556,6.6,5.2,8.4,5.0,1.6,8.0,13.9,8.6,8.4,4.3,4.5,7.4,6.2,10.4,51.7,98.53,1
557,6.5,4.4,8.4,4.4,1.3,8.4,12.4,8.2,8.2,4.3,4.1,6.6,6.2,11.1,48.11,94.7,1
558,9.4,5.5,11.7,7.7,2.6,9.7,18.6,9.0,9.9,7.7,5.0,8.9,6.7,12.7,71.63,125.08,1
559,7.6,5.8,9.5,5.3,1.6,10.3,16.3,8.6,9.1,5.6,5.1,9.4,6.8,14.9,60.34,115.95,1
560,6.1,4.8,9.6,4.9,2.3,9.9,15.1,8.4,8.5,6.9,5.0,9.0,6.5,14.0,58.78,110.83,1
561,8.8,6.8,10.4,7.1,2.6,10.7,15.1,9.7,9.5,5.0,5.1,9.0,7.0,17.7,63.05,124.44,1
562,8.9,5.7,11.1,6.9,2.5,10.3,14.4,9.3,9.7,5.0,5.0,8.4,7.5,15.6,62.22,120.23,1
563,8.0,6.5,9.6,6.1,2.1,9.6,17.0,8.4,8.8,6.1,4.6,7.1,6.2,15.4,60.75,115.63,1
564,8.7,5.1,10.1,6.7,2.1,9.6,13.1,8.9,9.7,6.8,5.0,10.2,6.8,11.8,62.71,114.58,1
565,7.5,5.2,10.2,6.3,1.8,8.5,15.5,9.1,9.1,4.9,4.7,8.8,6.5,15.2,59.67,113.31,1
566,8.1,6.4,9.7,6.4,2.4,11.3,17.6,9.0,8.7,6.8,5.3,8.0,6.9,17.4,64.35,124.02,1
567,9.2,6.6,8.8,7.0,2.4,11.3,16.7,9.6,9.1,4.4,5.6,8.6,6.8,14.1,62.65,120.09,1
568,7.4,5.3,9.4,4.7,1.5,9.5,15.2,8.7,8.5,4.5,4.7,7.5,6.5,13.9,54.75,107.15,1
569,6.8,4.6,10.1,5.4,2.0,10.2,15.9,9.1,9.0,6.5,4.5,9.4,7.2,14.5,60.46,115.1,1
570,6.9,6.7,10.9,6.8,2.2,11.0,17.1,9.5,8.4,6.4,5.5,7.9,7.4,17.6,63.57,124.09,1
571,7.7,5.7,8.8,5.2,1.7,9.9,12.5,8.6,8.7,4.8,4.3,8.6,6.8,13.7,53.49,106.79,1
572,6.7,5.3,8.2,5.4,1.5,9.2,13.2,8.6,8.4,4.8,4.5,7.3,6.4,12.3,51.57,101.81,1
573,8.9,6.2,10.2,6.8,1.3,9.7,17.4,9.2,8.9,6.6,5.4,7.5,6.7,14.2,64.03,118.95,1
574,7.2,5.3,9.8,5.2,1.6,8.9,13.8,8.7,8.7,5.2,4.9,7.7,6.7,11.9,55.47,105.74,1
575,7.9,5.5,9.3,7.9,2.3,11.1,18.7,9.6,9.9,7.6,5.5,11.7,7.4,13.8,70.89,128.21,1
576,8.4,6.2,9.3,5.4,1.6,10.1,15.7,9.1,8.2,5.8,4.6,8.6,6.8,15.9,59.45,115.85,1
577,8.1,6.8,10.6,4.8,2.1,9.0,16.2,9.1,9.1,4.8,5.2,8.8,7.3,12.5,60.49,114.43,1
578,6.5,4.2,8.4,4.4,1.2,8.4,13.0,8.2,8.2,4.1,4.1,6.5,6.2,11.0,48.12,94.28,1
579,7.8,7.6,11.0,5.4,2.0,11.7,14.7,8.7,8.4,7.1,4.7,10.9,7.7,18.6,63.51,126.43,1
580,8.7,6.5,10.9,5.9,2.3,8.6,19.3,9.6,9.3,5.3,5.8,9.2,7.2,15.5,67.5,124.24,1
581,7.1,6.9,10.7,5.7,2.0,10.6,16.0,9.5,9.5,5.8,5.3,8.3,7.2,18.2,60.87,122.74,1
582,7.0,6.9,10.2,6.0,2.5,9.7,19.0,8.8,9.6,7.4,5.5,10.2,6.7,14.0,67.82,123.44,1
583,7.2,5.8,9.9,5.3,1.8,8.9,13.8,8.5,8.5,5.1,4.6,8.5,7.0,14.6,56.11,109.45,1
584,9.1,6.5,8.9,6.9,2.7,8.8,15.5,9.4,9.8,4.1,5.1,8.6,6.6,15.9,60.84,117.94,1
585,7.0,6.5,10.6,5.0,2.5,11.1,17.5,9.7,9.2,6.7,5.1,10.8,7.7,12.2,65.17,121.41,1
586,8.2,6.2,8.8,5.8,2.2,9.4,13.6,9.1,8.8,5.7,4.7,8.0,6.6,15.2,56.95,112.14,1
587,7.0,4.6,9.0,5.1,1.6,9.2,12.9,8.3,8.3,4.7,4.5,6.6,6.5,11.9,51.49,100.29,1
588,8.8,5.8,10.5,5.0,2.6,10.1,17.3,9.1,9.1,6.7,5.7,10.6,7.0,15.4,67.17,123.81,1
589,8.4,7.3,11.0,6.1,2.7,9.3,17.1,8.3,8.6,7.0,4.6,11.1,6.4,14.8,68.14,122.94,1
590,7.7,5.5,10.0,5.1,1.9,9.7,14.3,8.7,8.5,5.5,4.3,8.9,6.6,11.1,57.65,107.76,1
591,9.2,6.2,11.0,6.4,2.3,10.6,17.2,9.0,9.0,6.3,5.4,9.7,7.6,16.3,67.63,126.3,1
592,7.8,5.7,9.9,5.4,1.9,8.8,15.8,9.0,8.7,5.9,4.6,8.5,6.8,15.0,59.79,113.79,1
593,7.6,5.6,9.7,5.2,2.1,8.9,15.0,8.7,8.9,5.9,4.5,8.7,6.9,14.3,58.61,112.04,1
594,7.5,7.6,10.2,4.4,2.4,10.3,18.9,8.9,9.1,6.8,5.8,11.4,7.8,15.1,67.4,126.14,1
595,8.2,6.8,11.0,7.1,1.3,8.3,18.1,9.3,8.9,7.2,4.9,10.9,7.1,14.8,68.73,123.95,1
596,8.1,6.4,11.3,7.2,1.9,11.0,19.5,9.0,9.8,7.7,5.8,10.7,7.0,18.4,72.03,133.64,1
597,6.7,5.1,9.4,4.6,1.6,9.0,14.6,8.7,8.3,4.9,4.5,7.9,6.3,11.3,54.22,103.02,1
598,8.7,5.5,10.1,7.4,2.6,10.7,13.2,9.4,9.6,7.0,5.5,10.7,6.6,15.2,65.05,122.07,1
599,7.6,6.1,10.4,4.1,2.2,9.9,15.1,8.9,8.3,5.0,4.6,8.9,6.5,11.3,57.84,108.8,1
600,9.0,7.3,9.1,7.2,2.6,9.9,16.6,9.4,8.8,4.6,5.4,9.3,7.7,15.0,63.86,122.0,1
601,8.4,6.3,11.3,6.9,1.5,10.5,17.5,9.6,9.6,6.8,5.6,9.9,7.3,17.4,67.89,128.53,1
602,6.7,4.8,9.0,5.0,1.5,8.3,13.8,8.5,8.3,4.9,4.4,7.2,6.4,10.9,52.41,99.5,1
603,7.0,5.1,9.4,4.5,1.6,8.8,13.6,8.2,8.8,5.5,4.6,7.5,6.8,13.6,53.81,105.03,1
604,6.7,5.3,9.1,5.2,1.6,8.6,13.9,8.6,8.5,5.1,4.4,7.0,6.2,13.0,52.93,103.03,1
605,8.5,6.8,10.8,6.2,2.4,10.3,14.1,9.2,9.2,7.0,4.3,9.4,7.2,13.3,62.62,118.74,1
606,9.5,5.1,9.7,5.1,2.7,11.4,18.9,8.6,9.9,7.5,5.5,11.2,6.9,15.3,70.05,127.24,1
607,8.2,6.9,9.5,5.4,2.1,10.8,16.9,8.9,9.3,6.9,4.5,7.8,6.6,12.3,61.2,116.15,1
608,7.6,7.2,11.4,6.6,2.7,11.1,18.8,9.7,9.6,5.4,4.8,10.6,7.1,12.2,67.72,124.65,1
609,8.0,7.0,10.9,7.2,2.1,11.1,16.4,9.8,8.6,4.8,5.5,6.9,7.7,18.4,61.8,124.37,1
610,7.1,4.8,9.9,5.3,2.0,9.8,13.9,8.8,8.9,5.8,4.8,8.5,6.9,14.4,57.24,110.82,1
611,8.3,6.1,9.7,6.5,2.3,9.8,15.0,9.3,8.6,6.3,5.2,9.7,7.1,12.3,62.97,115.99,1
612,9.3,5.6,8.9,6.3,2.6,11.4,17.5,9.8,9.7,7.6,5.8,11.0,7.9,15.4,68.96,128.8,1
613,7.9,5.0,9.6,6.2,2.0,9.9,15.8,8.6,8.3,6.1,5.1,9.1,6.9,12.1,61.71,112.37,1
614,8.4,6.8,10.4,6.6,1.6,9.6,16.4,9.5,8.5,4.5,5.5,8.6,7.6,16.8,62.0,120.79,1
615,7.7,5.9,8.9,4.4,1.5,9.7,16.1,8.8,8.9,5.5,4.7,7.5,6.9,11.6,56.26,108.09,1
616,6.9,5.3,9.6,6.5,2.0,10.6,12.5,9.3,9.1,6.6,4.7,8.3,6.8,15.6,57.21,113.88,1
617,8.2,6.0,10.8,4.8,1.9,8.9,17.4,9.5,8.8,6.5,5.0,9.1,7.4,18.0,63.81,122.42,1
618,9.4,7.8,10.3,7.4,2.3,10.7,16.1,9.8,9.1,6.8,4.9,11.0,6.8,12.2,68.26,124.67,1
619,9.5,7.1,9.0,7.7,2.6,9.5,17.0,9.0,9.8,7.0,5.0,9.6,7.1,12.4,67.4,122.23,1
620,7.9,5.8,9.7,5.8,1.7,9.0,15.7,9.1,8.6,4.8,4.4,7.8,6.9,15.2,57.84,112.47,1
621,7.0,5.5,9.1,5.4,1.8,8.4,15.5,8.4,8.7,5.3,4.7,7.5,6.8,13.2,56.28,107.18,1
622,6.9,4.3,9.7,5.8,1.5,8.9,15.1,8.8,8.1,5.7,4.4,6.9,6.8,11.9,56.01,104.83,1
623,7.5,4.7,9.6,6.1,2.0,8.5,13.0,8.9,8.1,5.8,5.1,9.2,7.1,15.7,58.43,111.44,1
624,9.2,7.0,9.8,5.6,2.2,10.5,16.6,9.2,8.5,6.8,5.4,8.8,7.5,15.3,64.3,122.2,1
625,8.5,6.6,9.2,5.8,1.8,10.4,15.9,9.2,9.3,5.8,4.6,8.2,7.1,11.9,59.81,114.21,1
626,6.1,4.5,8.8,4.2,1.2,8.4,12.9,8.2,8.4,4.1,4.3,6.9,6.3,11.2,48.68,95.72,1
627,7.8,4.6,9.7,7.0,1.5,11.6,16.1,9.2,9.7,7.4,4.5,9.0,7.7,16.1,63.01,121.89,1
628,8.2,5.4,9.7,4.9,1.7,8.9,16.2,9.0,8.9,5.1,4.5,8.1,6.9,12.5,58.52,110.07,1
629,7.0,6.2,10.2,6.7,1.9,10.3,13.8,9.3,9.1,6.1,5.3,9.8,7.0,12.5,60.68,115.02,1
630,7.3,7.1,9.9,7.8,2.6,10.1,17.5,8.5,9.8,7.1,5.6,8.0,7.2,13.2,65.68,121.54,1
631,7.0,7.4,10.1,7.7,1.6,11.6,14.4,9.3,9.5,6.5,5.5,7.4,6.9,12.7,60.22,117.55,1
632,8.0,6.0,9.3,5.4,1.5,10.0,15.3,9.0,8.7,4.6,4.8,8.2,6.6,13.5,57.24,111.15,1
633,7.6,4.7,8.6,5.2,1.5,8.8,13.7,8.6,8.8,4.9,4.3,7.2,6.7,13.9,53.03,104.59,1
634,8.9,7.3,10.2,7.6,2.5,11.3,17.7,9.8,9.3,6.7,5.1,11.4,6.6,16.9,70.08,131.36,1
635,6.2,4.3,8.4,4.1,1.2,8.4,12.9,8.3,8.2,4.6,4.3,6.3,6.3,10.9,47.81,94.15,1
636,7.4,4.3,10.5,6.1,1.7,9.1,16.7,8.7,9.2,6.0,5.0,9.4,7.0,16.0,62.78,117.18,1
637,7.7,7.6,11.0,5.5,1.7,11.1,18.4,9.7,8.6,7.3,5.7,9.6,6.8,10.5,66.93,121.21,1
638,8.1,7.1,10.6,6.1,1.9,10.4,18.0,9.5,9.4,6.1,5.2,10.2,7.4,17.4,66.26,127.42,1
639,7.2,6.9,10.9,7.5,1.7,11.2,19.7,9.3,8.7,7.6,5.8,8.5,7.2,19.1,69.04,131.48,1
640,7.9,5.5,9.5,5.6,1.7,8.9,15.9,8.7,8.9,6.1,4.8,7.8,7.0,13.5,59.22,111.76,1
641,7.1,4.7,8.9,5.3,1.7,9.3,13.2,8.5,8.3,5.2,4.7,6.9,6.3,11.9,53.06,102.08,1
642,7.6,6.2,9.2,5.3,2.2,9.9,14.6,8.3,8.8,6.3,5.2,7.9,6.4,13.0,58.35,111.0,1
643,7.3,7.5,10.9,4.8,2.7,9.5,17.9,9.3,9.8,7.2,5.8,8.3,7.0,15.1,64.84,123.1,1
644,9.5,7.4,10.5,7.3,2.0,8.5,18.4,8.2,9.5,6.6,4.9,9.9,7.5,15.2,69.13,125.46,1
645,6.7,5.1,9.1,4.7,1.5,8.8,12.5,8.4,8.3,4.8,4.5,7.6,6.4,12.0,51.47,100.36,1
646,7.2,6.0,8.8,5.0,1.9,8.8,16.1,9.0,8.7,4.5,5.1,6.8,6.9,12.6,55.46,107.4,1
647,7.4,6.2,10.0,6.0,2.3,8.2,17.1,8.7,9.3,5.9,5.1,7.8,6.9,16.2,61.67,117.25,1
648,7.4,4.1,9.6,5.7,1.8,10.0,16.4,8.4,9.1,5.8,4.5,8.8,7.0,12.7,59.93,111.29,1
649,9.7,7.7,11.8,7.2,2.0,10.4,13.4,9.4,9.2,7.8,5.1,11.1,7.3,17.6,68.06,129.72,1
650,7.1,7.3,10.6,6.8,2.9,11.1,16.5,9.4,9.8,6.6,5.5,9.3,6.9,16.0,65.12,125.51,1
651,9.8,6.0,11.7,6.7,2.5,11.4,14.6,8.1,9.7,7.7,4.7,8.9,7.4,13.2,66.6,122.55,1
652,9.5,5.5,11.6,7.8,2.4,9.1,17.9,9.1,9.5,6.1,4.8,10.8,7.0,12.6,70.89,123.74,1
653,6.5,6.9,10.3,6.9,2.0,9.6,14.8,9.4,8.6,7.0,5.3,9.1,7.4,16.0,61.82,119.8,1
654,8.6,6.4,11.2,5.1,2.7,10.5,19.4,9.4,9.7,7.7,5.4,7.5,7.3,19.0,67.53,129.75,1
655,8.0,7.2,9.4,5.5,2.5,10.5,16.4,8.2,9.5,4.3,5.7,10.7,7.3,16.8,62.53,122.07,1
656,7.4,5.8,10.4,7.1,2.9,10.2,19.4,9.1,9.2,6.5,5.8,7.1,7.3,16.5,66.54,124.82,1
657,8.3,7.2,10.4,6.6,1.3,11.3,18.8,9.5,9.7,7.1,5.1,7.1,7.6,14.9,64.61,124.82,1
658,7.9,4.8,9.8,5.0,1.2,9.2,15.2,8.8,8.8,5.8,4.4,7.7,6.7,13.9,56.94,109.19,1
659,8.0,6.4,10.5,6.6,2.3,11.0,14.7,9.3,8.4,6.5,4.8,9.8,6.9,14.1,63.2,119.26,1
660,7.6,6.4,8.8,6.1,2.0,8.3,14.8,9.0,9.1,6.4,4.4,8.5,6.1,14.6,58.63,112.17,1
661,8.0,6.3,10.1,6.3,2.9,11.1,15.5,9.5,9.9,6.0,5.3,11.6,7.5,19.8,65.56,129.65,1
662,8.8,4.6,9.5,5.6,2.3,11.2,18.6,8.8,9.4,4.7,5.5,10.7,7.5,15.8,65.82,123.15,1
663,7.7,5.9,9.1,4.9,1.9,9.6,15.5,8.7,8.8,5.3,4.6,8.8,6.9,12.2,57.83,109.89,1
664,6.3,6.9,9.2,4.7,2.2,9.2,15.5,9.7,9.9,5.8,5.6,11.4,7.8,18.4,60.55,122.46,1
665,7.9,5.7,10.6,7.3,2.4,10.6,15.9,9.1,8.7,5.2,5.7,7.1,6.9,15.2,62.12,118.4,1
666,8.5,7.4,10.4,7.3,1.7,9.1,18.5,8.4,8.7,5.8,5.2,10.0,7.5,17.8,67.49,126.36,1
667,7.1,5.0,8.1,5.2,1.1,8.7,15.0,8.5,8.5,5.0,4.8,7.6,6.4,13.1,53.86,104.03,1
668,8.6,5.6,10.4,6.0,2.4,9.7,18.0,9.6,9.5,5.1,4.6,10.3,7.5,13.7,65.45,121.03,1
669,7.4,6.2,9.6,6.5,1.6,10.7,14.6,8.5,8.8,6.1,5.1,10.0,6.6,15.8,60.85,117.35,1
670,9.6,7.0,11.3,7.2,2.8,8.4,19.0,9.1,9.3,7.6,5.4,11.2,7.7,19.4,74.06,134.87,1
671,8.8,6.4,8.4,6.5,1.4,9.5,16.3,8.9,9.4,5.8,4.9,8.4,6.1,15.1,60.32,115.76,1
672,6.4,4.5,8.5,4.3,1.1,8.3,12.9,8.1,8.1,4.4,4.1,6.3,6.2,10.5,47.93,93.7,1
673,7.8,4.5,9.5,5.0,1.6,8.6,14.9,8.4,8.6,5.9,4.4,6.7,6.9,12.6,55.84,105.65,1
674,6.8,4.8,9.3,5.1,1.8,9.1,13.5,8.4,8.7,4.9,4.5,8.0,6.7,11.4,53.94,103.04,1
675,6.8,5.1,8.6,5.2,1.3,8.9,15.1,8.8,8.8,4.1,4.6,6.7,6.4,12.7,52.36,103.14,1
676,6.7,4.7,9.2,5.2,1.3,8.8,14.6,8.3,8.3,4.9,4.5,7.4,6.4,10.8,53.88,101.15,1
677,8.7,6.2,10.1,6.3,1.7,10.2,16.3,9.7,8.9,5.2,5.5,10.8,7.3,12.8,64.5,119.63,1
678,6.2,4.8,8.6,4.7,1.2,8.7,13.0,8.3,8.1,4.8,4.4,6.6,6.1,11.3,49.54,96.82,1
679,9.2,7.3,9.9,5.6,2.9,11.1,17.7,9.1,8.4,4.5,5.9,10.4,7.2,14.5,66.19,123.78,1
680,8.6,5.6,11.4,7.5,1.9,11.3,18.2,9.7,9.0,7.3,4.4,7.9,7.7,16.8,67.16,127.23,1
681,8.3,6.2,10.1,4.4,2.5,11.3,18.4,9.8,9.9,4.9,5.4,11.1,7.8,18.8,65.07,128.73,1
682,7.3,5.2,9.7,4.9,2.2,9.8,16.7,8.7,9.1,4.7,5.0,8.7,6.4,15.9,59.14,114.16,1
683,6.7,6.3,10.5,5.8,2.1,9.4,17.3,9.2,9.3,6.5,5.0,10.1,7.0,12.6,63.91,117.71,1
684,7.4,5.6,9.4,5.5,1.6,9.3,15.3,8.1,8.8,5.2,4.9,6.9,6.7,13.1,56.23,107.95,1
685,9.7,5.1,11.5,6.0,2.5,9.3,13.3,9.8,9.4,7.4,5.6,8.1,7.8,19.7,64.06,125.12,1
686,9.1,6.6,10.7,5.4,2.1,9.2,17.8,8.6,9.3,5.3,5.1,10.1,7.1,12.7,65.47,119.03,1
687,7.7,5.0,9.6,4.1,1.8,10.1,15.0,8.6,8.6,5.8,5.0,8.7,6.5,12.6,57.64,108.94,1
688,9.0,6.0,10.4,7.2,2.5,10.5,17.0,9.5,9.5,5.3,5.6,10.7,7.2,18.1,67.79,128.53,1
689,6.6,4.8,8.4,4.8,1.5,9.0,13.3,8.5,8.4,4.7,4.3,7.2,6.1,11.4,50.83,99.0,1
690,6.9,5.5,10.2,6.1,2.1,9.5,16.6,9.1,8.6,6.3,5.0,6.7,6.8,13.8,59.75,112.96,1
691,7.8,7.0,9.5,6.0,1.6,10.2,15.9,8.2,9.2,6.2,4.6,9.2,7.3,17.0,60.86,119.65,1
692,7.7,7.3,10.2,7.4,2.1,10.7,18.7,8.9,9.3,6.9,5.7,9.4,7.5,15.9,68.03,127.57,1
693,6.9,6.9,10.4,5.8,1.9,10.6,12.9,9.2,9.7,7.2,5.3,8.5,7.7,13.1,58.84,116.14,1
694,8.8,5.6,10.2,6.9,2.6,10.4,17.6,8.6,9.4,5.4,5.1,10.3,6.7,17.8,67.0,125.65,1
695,7.4,5.5,9.6,5.6,1.5,9.5,12.9,8.8,8.8,4.9,4.6,7.8,6.4,13.0,54.34,106.27,1
696,7.1,4.9,8.6,4.2,1.3,8.5,14.3,8.6,8.6,5.0,4.5,7.4,6.4,11.4,52.51,100.78,1
697,9.3,6.0,11.1,7.4,2.3,9.1,19.1,8.3,8.1,5.7,5.4,10.8,7.1,11.1,71.25,120.89,1
698,7.3,4.3,9.2,4.9,1.6,9.8,14.4,8.9,8.2,4.7,4.3,8.2,6.9,13.1,54.58,105.84,1
699,6.1,4.2,8.2,4.1,1.1,8.2,12.5,8.1,8.1,4.2,4.1,6.3,6.0,10.6,46.56,91.76,1
700,7.4,6.8,11.5,7.3,2.8,10.1,14.6,9.1,8.3,7.3,4.7,9.1,7.5,11.6,64.66,118.04,1
701,6.9,4.4,8.9,4.6,1.3,8.6,12.6,8.4,8.1,4.7,4.4,7.2,6.4,12.2,50.52,98.71,1
702,8.2,6.9,10.7,6.9,1.9,9.4,18.7,9.2,8.8,6.5,5.9,10.4,6.8,13.7,69.3,124.1,1
703,9.1,6.6,8.8,6.3,2.2,10.4,18.0,8.7,9.4,4.3,5.6,9.6,7.5,13.1,63.82,119.48,1
704,8.6,4.6,9.8,5.2,1.6,10.2,14.6,9.3,8.6,5.8,4.6,8.0,7.1,11.6,58.09,109.51,1
705,7.1,4.9,8.5,4.8,1.2,8.4,14.0,8.4,8.3,4.9,4.4,6.8,6.3,12.5,51.57,100.43,1
706,6.7,6.4,9.8,5.8,1.9,9.2,14.0,8.8,9.1,6.3,5.0,9.5,6.8,15.7,59.03,115.07,1
707,8.9,4.8,9.5,5.7,2.5,8.9,17.2,8.9,9.4,6.6,5.3,8.5,6.5,10.6,64.26,113.32,1
708,6.9,4.9,8.6,4.9,1.2,8.9,13.5,8.2,8.4,4.7,4.2,7.1,6.4,12.7,51.08,100.55,1
709,7.6,6.9,11.5,7.6,1.6,10.8,16.7,8.8,9.6,5.3,5.7,8.2,7.4,17.9,64.29,125.73,1
710,6.8,6.8,11.3,6.7,2.2,8.5,18.3,9.1,9.0,5.8,4.5,9.3,7.3,13.1,65.04,118.96,1
711,7.8,7.1,10.0,7.0,2.0,11.0,17.2,9.5,9.5,7.3,5.1,8.7,6.3,12.0,65.06,120.51,1
712,9.3,6.6,11.0,7.3,1.6,9.1,17.3,9.1,8.8,7.4,5.3,10.2,7.1,16.5,69.39,126.64,1
713,6.8,4.9,9.8,5.7,1.9,9.8,14.1,8.9,8.6,5.8,4.6,9.2,6.2,11.0,57.92,107.29,1
714,9.6,6.7,11.4,7.4,2.5,9.6,14.1,9.0,8.9,5.8,5.8,11.5,6.9,15.4,68.04,124.58,1
715,7.0,4.8,9.0,4.3,1.2,8.4,14.2,8.5,8.2,4.8,4.6,7.1,6.5,11.4,52.12,100.02,1
716,7.1,6.3,10.5,7.4,2.0,11.0,13.5,9.4,8.4,5.4,5.0,9.3,7.4,17.5,60.31,120.24,1
717,8.8,6.3,11.5,5.1,2.3,10.1,15.9,8.9,9.1,7.7,5.3,10.0,7.7,17.8,66.53,126.38,1
718,6.8,5.0,8.2,4.5,1.3,8.4,13.3,8.5,8.3,4.8,4.3,6.6,6.5,11.6,49.77,97.99,1
719,9.3,6.8,10.8,5.8,2.5,10.0,18.8,9.4,8.7,5.7,5.3,9.6,7.7,18.4,67.79,128.84,1
720,7.9,5.8,10.1,6.3,1.2,10.6,13.6,9.2,9.7,4.9,5.2,10.8,7.7,17.5,60.02,120.58,1
721,8.7,4.6,10.5,6.2,2.2,10.6,16.9,9.1,8.5,6.6,4.9,9.8,6.8,16.3,65.8,121.69,1
722,8.6,6.8,9.5,6.8,2.2,10.5,14.6,8.3,9.0,6.3,4.7,9.7,6.6,16.4,62.41,119.99,1
723,9.0,6.8,10.4,6.2,1.5,8.8,13.2,9.1,8.8,4.7,5.5,9.8,6.3,14.6,60.49,114.92,1
724,9.4,5.7,11.5,5.7,2.5,9.2,19.0,8.8,8.3,7.7,5.5,10.2,7.8,13.2,71.49,124.45,1
725,6.9,4.5,8.6,4.7,1.4,8.8,14.0,8.5,8.3,5.1,4.6,7.5,6.3,12.1,52.72,101.21,1
726,7.8,5.9,9.9,4.5,2.1,9.6,15.5,9.2,9.0,6.1,4.9,8.5,6.3,16.4,59.29,115.66,1
727,8.5,7.7,10.5,5.8,2.0,10.3,18.5,8.9,9.2,7.0,5.8,7.8,6.3,14.4,65.96,122.77,1
728,8.3,5.8,9.2,6.5,1.9,9.7,13.7,9.4,9.3,6.3,4.8,9.4,7.4,14.2,60.12,115.89,1
729,7.5,5.7,8.9,5.3,1.8,8.7,14.7,8.9,8.6,5.8,4.2,7.2,6.7,11.3,55.33,105.13,1
730,8.0,7.6,11.4,6.6,2.3,10.5,14.5,9.5,9.7,5.6,5.9,9.6,6.7,17.4,63.72,125.17,1
731,7.3,6.8,11.1,6.6,1.4,11.1,12.2,8.6,8.5,6.4,5.0,10.4,7.2,17.5,60.33,120.09,1
732,6.7,7.0,10.7,6.9,2.7,10.6,13.5,9.3,9.5,4.6,5.7,9.5,7.5,17.3,60.35,121.61,1
733,7.3,5.5,9.0,5.0,1.8,9.4,13.6,8.7,8.6,4.9,4.8,7.6,6.6,12.9,53.99,105.62,1
734,8.3,6.6,10.6,5.9,1.6,10.3,16.4,8.8,9.1,5.0,5.3,9.8,7.3,13.2,62.96,118.18,1
735,7.6,5.6,9.4,5.6,1.6,9.4,13.1,8.8,8.3,4.7,4.4,6.7,6.6,13.1,52.93,104.6,1
736,8.3,6.1,10.8,6.2,2.0,8.6,15.4,8.9,8.7,6.9,5.3,9.4,7.0,14.1,64.27,117.71,1
737,7.7,5.7,8.9,4.6,1.8,8.3,15.3,8.8,8.3,4.8,4.3,8.3,6.7,14.3,55.81,107.91,1
738,8.5,7.7,9.4,5.5,2.4,10.1,18.8,8.2,8.8,6.1,4.1,11.8,6.9,16.0,66.6,124.38,1
739,7.1,6.5,9.9,6.9,1.7,10.8,13.6,9.4,9.0,6.8,4.5,6.8,7.1,16.2,57.39,116.37,1
740,8.8,4.4,10.6,6.3,2.6,10.4,17.3,9.5,9.2,7.2,4.9,8.2,7.2,13.3,65.92,119.99,1
741,6.6,4.8,8.6,4.8,2.0,8.5,15.0,9.2,8.9,6.3,4.5,9.0,6.9,12.5,56.74,107.43,1
742,8.1,4.5,8.2,5.0,1.8,10.1,14.3,8.9,8.9,5.7,5.1,8.7,6.4,13.0,56.83,108.64,1
743,7.8,4.6,9.6,6.2,1.8,10.0,14.5,8.2,9.1,5.3,4.5,7.3,7.0,15.6,56.95,111.45,1
744,7.8,6.2,9.6,4.2,2.1,9.3,16.4,9.1,9.0,4.8,4.7,9.0,6.9,14.6,58.56,113.6,1
745,7.3,5.4,9.2,7.0,1.8,11.1,18.3,8.9,9.2,5.2,5.1,10.6,7.5,16.4,64.57,123.01,1
746,7.4,5.2,10.0,4.9,2.0,9.3,15.7,9.0,8.7,5.3,4.6,9.1,6.3,15.0,59.02,112.58,1
747,8.3,5.0,10.1,5.1,1.7,10.0,15.1,9.0,9.0,5.1,5.3,8.7,7.3,16.7,59.33,116.32,1
748,6.4,4.3,8.3,4.4,1.2,8.2,12.6,8.2,8.0,4.1,4.2,6.7,6.2,11.0,47.92,93.87,1
749,9.4,6.1,8.4,7.6,2.8,11.2,18.1,9.4,8.7,6.9,5.5,8.7,7.1,17.3,67.37,127.09,1
750,6.7,4.8,8.5,4.7,1.3,8.9,12.6,8.4,8.5,4.0,4.3,7.2,6.3,11.2,49.26,97.38,1
751,6.6,4.8,8.5,5.4,1.7,9.0,13.8,8.7,8.7,4.2,4.1,7.2,6.7,13.0,51.53,102.28,1
752,6.6,4.1,8.7,4.8,1.5,8.8,13.9,8.4,8.1,4.4,4.4,7.2,6.3,11.2,51.44,98.42,1
753,7.2,4.1,9.2,5.7,1.7,9.4,13.9,8.8,8.6,5.7,4.3,6.8,6.8,10.2,54.53,102.52,1
754,7.4,7.5,10.9,7.6,2.8,10.6,14.6,9.9,9.1,7.3,4.4,11.1,7.2,12.6,66.22,123.14,1
755,7.7,6.1,11.0,6.4,2.0,10.8,12.8,9.5,9.0,7.1,5.4,10.6,7.1,15.8,62.88,121.01,1
756,7.3,4.9,8.5,4.8,1.6,9.3,13.1,8.6,8.2,5.1,4.2,7.5,6.4,12.4,52.14,101.97,1
757,6.7,4.7,8.4,4.6,1.3,8.6,13.5,8.2,8.0,4.4,4.4,6.3,6.3,11.9,49.5,97.11,1
758,7.2,6.9,10.2,5.6,2.5,10.9,16.0,9.2,8.6,5.6,5.2,8.6,7.6,14.8,60.99,119.03,1
759,8.6,5.0,11.8,6.9,2.7,9.0,18.3,9.9,9.5,6.6,5.7,11.6,7.9,12.7,72.39,126.43,1
760,8.5,6.2,10.8,6.6,2.0,11.0,14.2,9.0,9.1,6.8,5.4,10.1,6.6,13.9,64.36,120.2,1
761,8.1,7.1,11.6,7.0,2.9,9.8,13.3,9.3,9.0,7.7,4.9,8.7,6.4,15.6,64.31,121.53,1
762,7.5,6.1,11.1,6.6,2.4,11.2,18.1,8.9,9.4,5.5,5.3,9.9,6.6,18.0,66.41,126.73,1
763,7.9,6.2,11.1,6.1,1.9,10.5,15.1,9.2,8.5,6.5,4.3,9.7,7.3,13.5,62.5,117.71,1
764,7.8,6.1,9.8,5.9,2.0,9.2,16.1,9.3,8.9,4.9,5.1,8.6,7.3,15.7,60.29,116.77,1
765,7.7,6.4,11.1,6.2,1.5,9.2,15.0,9.2,9.3,5.1,5.2,10.2,7.3,17.5,61.98,120.79,1
766,6.3,4.8,8.1,4.8,1.4,8.8,13.1,8.2,8.3,4.7,4.1,6.1,6.2,11.6,48.65,96.56,1
767,7.8,4.8,8.8,6.2,1.8,8.4,15.3,9.1,8.6,6.3,4.9,8.7,6.7,13.9,59.86,111.47,1
768,7.7,7.1,11.1,6.9,1.7,10.6,16.4,8.5,9.5,7.0,5.4,10.1,7.5,12.5,66.3,122.13,1
769,7.3,4.6,9.3,4.5,1.8,9.3,15.6,8.8,8.3,5.1,4.0,8.7,6.8,11.2,56.34,105.28,1
770,7.0,5.0,9.5,4.4,1.4,8.9,14.9,8.8,8.3,5.6,4.5,7.8,6.4,12.5,55.14,105.07,1
771,7.9,4.8,9.5,5.7,2.0,8.8,14.9,8.7,8.9,5.8,5.0,8.2,6.7,13.7,58.93,110.49,1
772,6.2,4.4,8.3,4.3,1.2,8.2,12.9,8.2,8.2,4.3,4.1,6.8,6.2,11.2,48.06,94.49,1
773,8.6,6.8,10.3,5.6,1.7,10.8,13.6,8.9,9.1,6.6,5.3,8.3,6.0,15.4,59.82,116.91,1
774,8.0,6.0,10.6,5.6,1.2,10.8,17.7,9.3,8.7,4.3,5.1,8.1,6.7,15.3,60.6,117.39,1
775,6.7,4.8,9.5,4.3,1.7,9.4,15.5,8.8,8.9,5.6,4.8,7.3,6.8,14.2,55.36,108.21,1
776,6.6,4.7,8.4,4.2,1.1,8.3,13.2,8.3,8.1,4.7,4.2,6.4,6.3,11.4,48.84,95.91,1
777,9.1,6.7,9.8,5.2,1.9,8.5,17.7,9.3,9.3,6.7,4.9,9.1,7.0,14.7,64.38,119.89,1
778,8.8,6.2,10.3,6.1,2.3,10.3,16.8,8.8,8.9,6.8,5.3,9.9,7.3,13.5,66.31,121.26,1
779,7.0,5.2,9.3,5.3,1.6,9.6,15.3,8.5,8.3,5.1,4.7,8.0,6.7,10.9,56.34,105.5,1
780,7.3,6.2,10.5,5.7,2.0,10.3,14.2,8.3,8.2,4.9,5.0,9.6,6.4,14.7,59.13,113.25,1
781,8.9,6.4,9.8,5.1,1.7,8.6,18.1,9.2,8.7,6.2,4.5,8.5,6.9,15.2,62.82,117.95,1
782,7.7,5.4,9.1,5.6,1.2,9.9,15.1,8.7,8.6,5.5,5.1,9.2,7.2,15.5,58.55,113.92,1
783,6.4,4.5,8.7,4.4,1.3,8.3,13.1,8.3,8.2,4.6,4.3,7.0,6.1,11.1,49.79,96.37,1
784,7.7,6.3,9.3,5.4,1.8,9.3,12.7,8.8,9.2,5.6,5.2,8.6,7.0,13.6,56.28,110.41,1
785,8.3,5.4,11.1,6.8,2.7,11.2,18.0,8.5,9.3,7.3,5.0,10.7,6.5,12.5,69.83,123.3,1
786,6.5,5.4,9.9,6.1,2.3,10.0,13.8,9.0,8.2,5.4,4.7,7.1,7.2,15.0,55.74,110.54,1
787,7.1,7.6,10.7,6.8,2.1,11.0,19.4,9.8,9.8,7.4,5.8,8.2,6.6,15.4,67.37,127.47,1
788,8.3,7.0,10.0,6.3,2.0,8.3,14.1,8.6,8.6,6.4,5.4,10.1,6.9,16.0,62.52,117.76,1
789,8.5,5.6,10.3,6.9,2.2,10.8,16.2,9.8,9.5,6.0,5.5,8.3,7.6,18.7,63.79,125.83,1
790,7.6,5.6,8.8,4.9,1.9,9.8,15.2,8.5,8.7,5.3,4.8,8.9,6.4,12.8,57.46,109.29,1
791,8.4,6.9,10.7,7.1,2.2,11.1,16.8,9.2,9.4,7.1,5.1,10.7,7.5,14.6,68.02,126.81,1
792,7.3,4.4,10.0,5.7,1.7,10.1,15.4,9.0,8.3,4.6,4.5,7.3,7.0,10.8,56.28,105.81,1
793,7.6,5.6,9.0,5.4,1.7,8.8,15.6,8.5,8.6,5.4,4.3,8.7,6.6,11.0,57.8,106.88,1
794,8.8,6.3,10.1,6.6,1.9,10.5,14.6,8.9,8.7,4.8,4.3,9.6,6.9,15.4,60.68,117.35,1
795,9.6,7.8,9.8,6.3,1.7,10.7,19.4,9.3,9.9,7.1,5.3,10.3,7.0,16.8,69.54,131.18,1
796,8.6,6.2,9.9,5.2,2.5,10.8,17.2,8.8,8.6,6.8,5.2,9.0,6.6,13.4,64.46,118.88,1
797,6.3,5.4,9.2,4.5,1.1,9.7,14.5,8.8,8.7,5.9,4.8,8.0,6.7,11.3,54.31,104.89,1
798,8.5,6.0,10.2,5.9,2.1,10.2,15.4,9.1,8.2,6.3,4.6,9.6,6.5,12.6,62.56,115.15,1
799,9.2,7.3,11.2,6.8,2.3,10.7,16.7,9.2,9.0,6.2,5.2,8.4,7.4,18.3,66.02,127.88,1
800,8.4,7.0,11.7,5.3,2.6,9.5,17.0,9.2,9.1,6.9,5.6,8.9,7.2,19.0,66.4,127.3,1
801,8.3,6.0,10.1,7.1,2.1,9.2,16.0,9.3,8.2,7.5,5.8,9.1,7.2,16.0,66.04,121.93,1
802,6.9,4.8,8.6,4.5,1.1,8.9,12.7,8.5,8.2,4.1,4.5,6.3,6.5,11.9,48.85,97.63,1
803,7.5,6.0,8.9,5.6,2.0,9.7,16.2,8.1,8.4,6.0,4.6,8.6,6.9,12.2,59.57,110.89,1
804,8.6,6.2,10.1,5.8,2.8,11.4,15.6,8.9,9.6,7.6,4.5,8.3,6.5,15.7,63.29,121.59,1
805,7.8,5.4,9.8,6.1,1.1,10.1,15.5,8.8,8.5,4.9,4.7,8.4,6.9,14.5,58.21,112.42,1
806,8.3,6.0,9.7,6.2,1.6,10.2,17.3,9.0,8.7,4.4,4.7,7.7,7.4,15.7,59.94,116.89,1
807,7.4,5.5,8.9,6.4,1.9,9.6,15.0,8.3,8.5,4.4,5.3,9.6,6.2,14.3,58.73,111.2,1
808,8.1,6.2,9.7,6.1,2.2,10.4,14.7,8.2,9.0,5.6,5.2,7.4,6.5,12.6,59.07,112.01,1
809,7.2,4.5,9.5,4.5,1.8,9.0,14.4,8.7,8.8,4.9,4.8,7.8,6.3,13.4,54.81,105.49,1
810,6.8,4.1,8.7,4.7,1.6,8.6,14.5,8.3,8.5,5.3,4.5,7.3,6.5,12.4,53.49,101.85,1
811,9.0,5.5,8.7,6.9,2.1,8.9,18.4,8.7,9.1,7.0,5.7,9.0,7.6,16.3,66.94,122.99,1
812,6.2,4.4,9.5,6.9,2.5,11.0,18.5,9.7,9.3,6.0,4.7,8.9,7.4,14.8,63.27,119.81,1
813,6.2,7.2,10.0,7.1,1.5,10.8,14.9,8.8,9.2,6.2,5.3,7.9,6.5,14.4,58.96,115.9,1
814,7.3,4.2,9.5,6.5,1.9,9.9,16.1,9.3,9.1,6.4,5.0,8.6,6.3,14.6,61.21,114.61,1
815,6.1,4.3,8.4,4.3,1.1,8.4,12.8,8.1,8.1,4.2,4.2,6.6,6.1,11.1,47.8,93.94,1
816,7.4,4.7,8.7,5.2,1.8,8.8,14.8,8.5,8.4,5.2,4.4,8.3,6.7,13.8,55.78,106.75,1
817,7.7,5.7,8.6,4.8,1.9,9.7,14.4,8.5,8.8,4.8,4.7,6.2,6.6,13.0,53.01,105.38,1
818,7.4,5.9,9.9,5.4,2.1,10.1,16.0,8.8,8.5,5.2,4.8,7.9,6.9,14.0,58.67,112.83,1
819,8.1,7.1,8.4,6.1,2.1,11.6,18.1,9.4,9.4,7.3,4.4,10.1,7.5,11.7,64.63,121.42,1
820,6.4,7.0,11.2,6.1,2.6,9.4,18.9,8.9,9.2,7.1,5.5,10.8,7.2,17.2,68.53,127.48,1
821,8.3,7.2,9.3,6.6,2.2,10.6,18.8,9.1,9.1,4.6,5.9,10.3,7.4,15.7,65.96,125.09,1
822,7.4,4.1,10.3,5.0,1.6,10.4,17.0,8.3,8.8,5.9,5.4,8.4,7.3,13.9,61.01,113.92,1
823,8.4,6.5,9.7,4.6,1.5,10.5,14.7,9.4,9.1,5.9,4.7,10.5,7.1,16.9,59.89,119.48,1
824,8.3,6.1,8.9,5.7,1.8,9.3,15.3,9.5,8.6,6.3,4.8,10.2,6.7,17.2,61.33,118.84,1
825,8.5,5.5,9.1,6.2,2.1,10.0,18.6,8.6,8.7,6.4,5.7,7.4,7.7,11.8,64.02,116.2,1
826,6.6,4.7,8.6,5.0,1.5,8.9,12.8,8.4,8.4,4.7,4.3,6.7,6.3,10.3,50.24,97.14,1
827,6.8,5.5,8.3,5.4,1.3,8.8,13.9,8.3,8.4,4.3,4.7,8.0,6.7,12.6,52.84,103.14,1
828,8.7,6.6,10.8,5.5,1.7,10.3,14.1,9.0,9.3,6.7,5.2,7.5,6.7,13.8,60.14,115.75,1
829,6.6,4.4,8.5,4.5,1.1,8.2,12.9,8.3,8.1,4.4,4.3,6.9,6.2,10.1,49.16,94.44,1
830,8.3,6.5,9.8,6.5,1.1,10.1,15.8,9.0,9.0,6.4,4.3,8.8,7.2,16.1,61.17,118.97,1
831,6.4,5.9,9.8,4.8,2.0,9.7,15.8,8.4,8.7,5.1,5.1,9.3,7.0,13.6,58.36,111.71,1
832,7.5,5.3,8.8,5.2,1.3,8.6,15.2,8.8,8.5,4.9,4.4,8.5,6.2,13.4,55.87,106.69,1
833,8.3,5.3,9.5,6.1,1.9,10.0,16.4,9.0,9.3,6.5,5.3,9.2,6.6,15.8,63.18,119.22,1
834,8.1,5.4,9.1,5.5,1.9,11.5,18.4,9.4,9.6,5.4,5.3,8.6,7.4,15.3,62.2,120.8,1
835,7.5,5.4,9.6,5.5,1.9,9.2,15.5,8.8,8.6,5.5,4.7,7.9,6.7,14.3,58.14,111.06,1
836,8.8,7.2,9.2,7.0,2.4,11.4,14.7,9.4,8.5,6.2,4.9,9.9,7.5,17.3,63.15,124.46,1
837,9.0,7.3,10.1,6.7,2.4,10.2,16.7,8.9,9.5,6.8,5.5,9.9,7.2,16.7,67.21,126.96,1
838,7.4,6.1,9.7,5.4,1.9,9.3,15.6,9.1,8.3,5.0,4.8,8.4,6.7,15.1,58.22,112.82,1
839,7.3,5.5,9.1,5.6,1.5,9.3,14.7,8.6,8.7,4.7,4.6,8.3,6.7,13.0,55.95,107.68,1
840,8.7,5.4,11.6,6.2,2.0,8.7,17.9,9.3,9.3,7.0,5.5,7.4,7.7,18.5,66.33,125.26,1
841,7.5,5.9,10.0,5.8,1.9,9.8,17.3,9.4,9.2,6.4,5.2,6.7,6.7,12.0,60.82,113.71,1
842,9.0,7.1,10.2,7.3,2.8,11.0,14.0,9.8,8.9,5.1,4.8,7.0,6.6,19.4,60.27,123.07,1
843,8.4,6.4,8.2,7.6,2.8,10.7,18.8,8.3,9.4,7.7,5.6,10.6,7.5,10.6,69.59,122.62,1
844,9.6,6.3,11.4,5.5,2.4,11.9,18.4,10.0,8.6,6.6,4.6,10.2,7.4,17.0,68.76,129.95,1
845,7.3,4.8,8.9,4.9,1.7,9.2,13.1,8.7,8.6,5.0,4.3,8.1,6.6,13.0,53.48,104.48,1
846,6.7,4.8,8.7,5.1,1.7,9.2,14.5,8.7,8.5,4.8,4.6,7.4,6.3,10.8,53.51,101.87,1
847,6.3,5.0,8.7,6.1,1.4,10.5,14.9,8.4,8.5,6.2,4.6,9.6,6.6,16.9,57.62,113.65,1
848,7.6,4.4,11.2,6.3,1.9,9.8,18.1,9.8,8.4,7.5,4.5,11.4,6.5,12.3,68.51,119.73,1
849,9.2,5.6,10.5,4.6,1.8,10.1,18.6,9.7,8.7,4.8,4.5,8.5,6.6,17.8,62.57,121.0,1
850,7.9,5.9,9.0,5.4,1.5,8.9,16.1,9.0,9.0,5.3,5.0,8.9,7.0,13.5,59.09,112.38,1
851,7.9,7.1,9.9,5.5,1.8,10.6,17.9,8.3,9.3,6.2,5.1,7.1,6.7,13.3,61.37,116.67,1
852,7.5,4.6,10.8,7.3,1.5,9.5,17.9,9.5,8.7,6.5,5.2,10.3,7.3,16.7,66.91,123.31,1
853,9.1,6.7,9.7,6.4,2.4,10.2,16.0,9.4,9.1,7.6,5.3,11.1,7.5,13.2,67.62,123.64,1
854,7.4,5.4,9.6,5.0,1.8,8.5,13.2,8.6,8.3,5.1,4.7,7.8,6.5,13.9,54.58,105.73,1
855,8.8,6.8,9.9,6.0,2.7,10.7,19.4,9.9,9.3,6.5,4.8,10.1,7.0,15.7,68.27,127.59,1
856,7.8,5.2,10.9,6.4,1.5,10.8,16.9,8.3,8.9,6.7,4.7,9.8,7.2,14.0,64.64,119.03,1
857,9.3,6.4,10.9,6.8,2.4,11.2,17.9,9.3,9.5,7.8,5.8,9.2,6.7,14.0,70.12,127.17,1
858,7.6,6.2,9.0,6.1,2.4,8.4,17.5,8.5,9.4,5.7,5.3,7.6,6.9,13.3,61.09,113.7,1
859,8.1,5.0,8.7,6.0,2.3,9.5,14.1,9.1,9.2,4.6,5.3,8.1,6.9,11.8,57.13,108.47,1
860,8.7,6.9,9.8,5.8,2.8,11.2,19.4,8.5,8.8,7.8,5.7,11.3,7.3,14.7,71.22,128.62,1
861,9.0,5.2,8.8,6.7,2.4,9.8,18.1,9.3,9.4,6.8,5.6,8.7,7.4,12.3,66.05,119.31,1
862,9.5,6.9,10.7,6.8,2.3,11.4,15.7,9.2,8.4,5.6,4.4,10.2,7.0,14.8,65.24,122.92,1
863,7.2,5.1,8.8,4.8,1.4,8.8,12.3,8.4,8.4,4.2,4.1,7.5,6.3,12.0,50.31,99.42,1
864,8.3,7.1,10.5,6.3,2.2,11.2,17.5,9.5,9.6,7.3,5.3,8.5,7.5,16.8,65.91,127.53,1
865,6.6,5.6,10.1,6.0,2.4,9.4,13.9,8.8,8.7,5.9,4.6,7.7,7.4,17.0,57.33,114.3,1
866,7.7,6.7,9.0,7.3,1.4,11.1,14.1,8.6,8.9,7.2,4.3,9.5,6.9,15.4,60.53,118.15,1
867,8.0,7.3,10.7,7.2,1.7,10.1,16.6,9.4,8.6,6.3,5.7,7.9,7.1,18.2,64.01,124.72,1
868,6.5,4.5,8.5,4.4,1.3,8.6,12.6,8.0,8.3,4.6,4.1,6.7,6.2,10.7,48.69,95.1,1
869,7.7,6.7,10.6,6.5,2.0,9.5,16.8,9.0,9.1,4.5,4.9,8.8,7.0,10.6,61.62,113.52,1
870,6.9,6.3,10.7,7.1,2.4,11.6,16.8,9.6,9.7,6.3,5.6,10.6,7.4,18.5,66.52,129.65,1
871,7.5,4.4,10.4,6.1,2.3,9.8,15.1,9.3,9.0,6.0,4.7,8.7,7.3,15.1,60.74,115.59,1
872,8.3,7.5,11.7,6.9,2.8,11.7,17.2,9.3,9.4,7.6,5.7,11.1,7.4,17.1,71.27,133.69,1
873,8.3,4.8,9.9,5.5,2.2,9.4,16.7,9.1,8.5,6.1,5.3,7.4,6.2,13.7,61.35,112.99,1
874,8.4,6.6,10.0,7.4,2.1,9.9,16.8,9.7,8.8,6.6,5.0,9.1,6.8,17.0,65.31,124.1,1
875,8.6,4.7,10.2,6.3,2.5,10.1,15.1,9.0,8.4,6.8,5.5,8.7,7.2,14.6,63.57,117.65,1
876,6.9,4.7,8.9,5.5,2.0,9.9,13.5,8.3,9.0,6.0,4.7,9.1,6.7,11.9,56.52,107.08,1
877,8.4,5.1,11.1,5.6,1.9,9.0,17.0,9.8,9.3,5.5,5.5,8.6,7.8,12.6,63.62,117.06,1
878,8.3,5.5,9.3,5.8,1.9,9.3,16.6,9.0,9.1,5.5,4.9,8.3,6.9,14.6,60.57,115.13,1
879,8.5,4.9,8.4,6.6,1.6,10.2,15.4,9.4,8.9,6.4,5.3,9.5,7.3,16.6,61.84,119.08,1
880,7.1,5.0,9.1,5.2,1.6,8.9,12.8,8.7,8.4,4.4,4.4,7.4,6.1,12.4,52.0,101.41,1
881,7.6,5.9,11.4,7.2,2.5,11.3,14.1,9.1,9.2,5.2,5.6,10.0,6.8,16.4,63.39,122.01,1
882,6.7,5.6,9.2,5.7,1.8,10.2,14.6,8.7,9.2,4.9,5.0,6.5,6.4,14.1,54.46,108.56,1
883,6.6,4.6,8.4,4.2,1.2,8.6,12.1,8.3,8.0,4.5,4.3,6.6,6.3,10.5,47.84,94.09,1
884,6.4,5.8,10.9,5.4,1.5,10.4,16.6,9.2,9.1,6.9,5.0,9.7,7.5,16.4,62.45,120.74,1
885,6.2,4.1,8.2,4.1,1.1,8.2,12.5,8.1,8.1,4.2,4.1,6.4,6.1,10.7,46.9,92.29,1
886,8.7,6.9,9.5,4.5,2.6,9.2,13.9,8.6,9.4,6.3,4.7,8.3,7.0,13.6,58.52,113.23,1
887,6.8,6.2,10.5,5.8,1.9,9.9,16.8,9.2,9.1,4.6,4.5,6.6,7.2,15.6,57.45,114.57,1
888,9.1,4.9,8.9,6.3,2.5,10.0,15.6,9.1,9.6,6.7,5.1,8.3,7.3,17.5,62.5,120.96,1
889,9.0,6.7,10.0,6.5,2.2,11.2,17.3,9.3,9.5,7.1,4.9,9.3,7.4,16.3,66.27,126.68,1
890,6.2,6.8,10.5,6.9,1.9,10.0,15.3,9.3,8.9,5.6,5.2,9.9,7.1,15.6,61.54,119.22,1
891,8.0,7.0,10.0,7.3,2.7,10.3,16.8,9.5,8.8,5.6,5.4,9.5,7.4,18.0,65.4,126.5,1
892,7.7,5.0,11.2,7.2,1.8,10.0,18.3,9.2,9.6,7.7,4.3,8.3,7.4,14.2,66.46,121.97,1
893,8.3,4.2,10.3,6.6,1.6,9.9,16.2,9.2,8.8,6.2,4.4,7.3,6.3,14.4,60.87,113.66,1
894,8.2,6.2,8.4,5.9,1.5,8.8,15.3,8.4,9.1,5.8,5.0,7.3,6.8,12.7,57.35,109.36,1
895,9.9,6.7,11.0,7.8,3.0,11.6,17.2,9.8,9.9,7.6,5.4,10.4,7.7,16.7,72.29,134.74,1
896,8.1,6.4,10.3,5.7,2.1,9.8,15.2,8.7,8.9,6.0,4.9,8.9,6.9,15.3,61.26,117.3,1
897,9.2,5.2,8.6,7.6,2.1,9.6,14.6,8.9,9.0,6.9,4.4,8.8,7.7,14.7,62.13,117.27,1
898,8.4,5.9,9.1,6.4,2.1,10.6,15.8,9.2,9.1,6.1,5.3,10.0,7.3,16.5,63.17,121.74,1
899,8.5,5.2,10.8,5.1,1.9,10.8,15.7,9.2,9.3,6.5,4.7,9.9,6.5,15.2,63.16,119.34,1
900,6.9,5.4,9.4,5.2,1.3,8.7,14.3,8.6,8.6,4.4,4.6,6.8,6.6,11.4,52.9,102.23,1
901,7.8,4.7,11.2,7.4,2.3,9.8,13.2,9.5,8.9,5.7,5.7,8.9,7.8,17.6,62.2,120.56,1
902,8.4,6.1,8.8,4.9,2.0,9.3,15.0,9.0,8.9,5.9,4.8,9.2,6.8,16.0,58.9,115.09,1
903,7.4,5.8,9.6,5.5,1.5,8.5,14.9,8.9,8.9,4.7,4.5,7.1,6.8,13.5,55.22,107.67,1
904,7.1,4.8,9.0,4.7,1.5,9.1,14.1,8.3,8.2,5.1,4.1,7.4,6.5,12.1,53.1,102.1,1
905,7.6,5.0,9.7,7.1,2.2,10.1,17.3,9.0,9.3,6.9,5.3,9.6,7.2,11.2,65.69,117.53,1
906,9.6,5.8,10.5,5.4,2.4,10.6,19.1,9.1,8.7,5.5,5.4,9.9,7.5,14.9,68.03,124.59,1
907,6.4,4.1,8.4,4.3,1.2,8.3,12.8,8.2,8.2,4.0,4.2,6.7,6.1,10.7,48.08,93.6,1
908,6.3,4.3,9.2,5.2,1.6,9.0,14.5,8.4,8.6,5.2,4.5,7.7,6.5,13.1,54.28,104.18,1
909,7.7,4.4,9.4,5.7,1.9,9.7,14.5,8.4,8.5,4.7,4.4,6.7,6.6,11.5,55.04,104.1,1
910,7.7,6.7,10.1,5.6,1.4,10.5,18.7,8.8,9.5,6.1,5.2,9.0,6.7,13.8,63.85,119.78,1
911,8.1,5.3,10.5,6.6,1.2,10.5,13.9,8.8,8.8,5.3,5.3,8.6,6.3,14.2,59.51,113.43,1
912,8.3,6.2,10.1,5.6,1.7,10.0,14.9,9.0,8.8,6.2,4.5,8.9,6.0,12.0,60.36,112.4,1
913,7.7,5.0,9.1,6.5,2.1,9.5,16.0,8.6,9.1,6.4,4.9,7.0,7.0,13.6,59.6,112.46,1
914,7.2,5.8,9.6,4.8,1.8,9.8,16.1,9.0,8.5,4.8,4.6,6.5,6.9,14.1,55.26,109.35,1
915,9.4,5.6,10.5,6.2,1.1,9.4,13.3,8.7,8.4,5.9,5.0,10.3,6.3,17.2,61.66,117.18,1
916,6.3,5.0,10.3,7.2,2.5,9.0,17.2,9.3,8.6,6.2,5.0,8.7,7.7,17.7,63.4,120.72,1
917,6.5,4.7,8.2,4.7,1.4,8.7,13.6,8.2,8.4,4.9,4.4,7.3,6.3,11.4,50.93,98.74,1
918,7.8,5.4,9.5,5.7,1.5,9.4,14.1,8.9,8.5,5.0,4.8,8.5,6.8,13.6,57.02,109.54,1
919,8.3,6.4,10.5,5.2,1.3,10.5,15.8,8.6,8.7,6.3,5.4,9.0,6.9,16.2,61.78,119.15,1
920,8.7,6.6,9.8,5.8,2.5,8.8,18.8,9.7,8.2,7.0,5.9,10.9,7.1,17.1,69.43,126.91,1
921,7.5,6.5,9.7,6.1,2.2,10.4,16.1,9.3,9.3,6.5,5.2,9.9,7.3,16.0,63.06,121.73,1
922,7.3,6.5,10.2,5.2,2.0,10.3,13.0,8.9,8.8,5.8,4.3,8.3,6.8,14.9,56.23,112.41,1
923,6.7,4.7,8.7,5.5,1.7,8.9,12.8,8.5,8.7,4.2,4.3,6.6,6.2,12.9,50.49,100.56,1
924,9.3,5.6,11.8,5.3,1.5,10.4,18.3,10.0,9.6,7.3,4.3,8.2,7.4,14.7,66.01,123.69,1
925,8.2,7.0,10.9,4.7,2.3,8.4,16.1,9.4,8.9,5.5,5.3,9.2,7.5,15.1,62.28,118.69,1
926,6.6,4.5,8.6,4.9,1.1,8.9,12.7,8.3,8.5,4.9,4.3,6.7,6.3,12.6,49.95,99.03,1
927,7.2,7.4,8.9,4.6,1.9,10.0,18.5,9.0,8.7,7.1,5.1,8.1,7.2,17.3,61.42,120.88,1
928,9.1,7.0,10.0,6.7,2.5,10.7,17.3,9.2,9.7,4.6,5.1,10.2,7.1,17.2,65.58,126.37,1
929,7.8,5.4,9.8,6.2,1.3,9.7,15.4,8.1,8.5,6.1,4.2,8.8,7.1,15.3,59.61,113.73,1
930,7.0,5.2,10.2,4.7,2.1,9.2,16.6,8.7,9.0,5.2,4.2,9.1,7.2,15.3,59.2,113.88,1
931,8.2,5.7,8.7,4.5,1.2,9.4,15.3,9.0,8.4,6.1,5.0,9.5,7.4,11.2,58.49,109.58,1
932,8.9,4.8,10.2,5.8,2.1,11.7,17.9,9.7,9.7,7.6,5.4,9.4,7.1,16.3,67.16,126.42,1
933,7.7,4.8,8.4,5.4,1.2,8.5,13.4,8.6,8.6,5.4,4.8,6.1,6.6,13.8,52.36,103.27,1
934,7.9,6.5,9.1,4.9,1.9,9.6,17.2,9.1,9.2,5.8,5.0,9.3,7.0,16.1,61.06,118.44,1
935,6.4,4.2,9.5,5.2,1.7,8.8,15.0,8.4,8.3,5.2,4.6,8.0,6.3,13.3,55.64,104.99,1
936,8.6,6.7,9.2,6.2,1.2,8.8,17.6,9.5,9.2,4.5,4.8,8.9,7.2,12.4,61.03,114.98,1
937,9.4,7.4,9.3,6.3,2.0,10.1,16.0,9.5,9.7,7.1,5.6,8.8,7.2,18.1,64.41,126.5,1
938,8.8,5.9,9.9,6.7,2.3,10.9,17.7,9.5,8.9,7.0,5.3,7.3,7.4,17.7,65.08,125.36,1
939,6.5,4.5,8.4,4.5,1.2,8.4,12.3,8.1,8.2,4.2,4.3,6.6,6.2,10.8,48.08,94.29,1
940,9.4,7.3,10.4,7.1,2.0,9.2,18.1,8.5,9.6,6.7,5.4,8.2,7.0,17.9,67.38,127.03,1
941,7.3,5.8,11.0,6.0,2.2,10.8,14.3,9.3,9.1,5.9,5.1,10.8,7.4,17.2,62.58,122.26,1
942,7.4,6.7,8.1,6.1,2.3,11.2,18.3,8.8,9.5,5.0,5.7,9.3,7.0,12.9,62.18,118.4,1
943,8.4,5.6,10.2,6.0,1.3,9.7,15.5,8.9,8.6,5.8,5.0,9.3,6.6,12.6,61.64,113.74,1
944,6.3,6.6,10.9,6.6,1.7,10.0,14.7,9.3,9.4,6.9,5.1,9.3,6.7,13.7,61.47,117.13,1
945,6.3,4.7,8.6,4.5,1.4,8.9,13.7,8.4,8.4,4.9,4.4,7.1,6.4,11.1,50.89,98.73,1
946,7.6,5.6,8.7,5.5,1.6,8.9,15.3,8.8,8.6,4.9,4.9,8.1,6.7,13.3,56.62,108.36,1
947,7.0,6.5,9.1,5.9,2.0,11.0,13.6,8.2,9.3,6.9,4.3,10.7,7.4,16.1,59.45,118.05,1
948,6.2,7.0,10.6,7.1,2.1,11.0,18.3,9.5,8.2,6.5,4.6,10.0,7.0,13.6,65.45,121.79,1
949,8.9,6.2,9.8,5.5,2.2,10.7,16.1,9.4,8.6,6.8,4.2,7.6,6.8,13.7,61.04,116.46,1
950,7.6,4.1,10.4,6.1,1.9,10.8,18.1,8.9,9.7,6.3,5.0,8.3,7.5,17.7,63.56,122.25,1
951,8.4,6.1,11.1,7.2,2.5,10.8,13.3,9.4,8.8,6.1,4.9,9.7,6.6,15.6,63.26,120.39,1
952,8.7,6.8,10.0,5.7,2.2,8.6,13.1,8.8,9.2,4.9,5.1,8.1,7.0,16.1,57.84,114.29,1
953,7.9,4.7,10.2,5.1,1.7,10.2,15.2,8.3,8.5,5.4,4.9,8.9,6.8,14.1,59.26,111.93,1
954,8.1,7.1,11.5,6.4,2.8,10.3,18.6,9.2,9.2,5.7,5.8,7.8,6.7,18.3,66.64,127.54,1
955,8.2,5.7,8.9,6.2,1.8,9.7,13.4,8.8,8.8,6.4,4.8,7.8,6.4,12.6,57.34,109.25,1
956,6.1,4.3,10.5,4.8,2.2,9.5,17.0,8.3,9.1,6.7,4.9,7.6,6.9,16.0,59.67,113.77,1
957,9.0,6.2,10.7,4.7,2.5,9.9,16.9,9.0,9.6,6.8,4.6,11.5,6.3,15.5,66.66,123.11,1
958,7.9,5.7,9.2,4.8,2.1,10.4,14.1,9.2,9.1,6.3,5.2,10.3,6.4,10.9,59.75,111.51,1
959,6.4,4.8,8.8,4.8,1.3,8.8,13.3,8.4,8.1,4.8,4.5,7.2,6.4,11.3,50.99,98.84,1
960,8.2,5.7,10.1,6.2,2.1,10.2,15.6,8.6,8.8,5.6,4.6,6.8,6.7,12.9,59.28,112.33,1
961,9.1,7.5,11.5,5.6,2.8,10.3,19.4,9.2,8.8,6.8,5.7,7.9,7.5,18.3,68.84,130.52,1
962,8.2,4.4,10.5,5.9,2.1,9.2,15.9,8.7,8.2,5.6,5.2,7.8,7.3,12.3,61.18,111.4,1
963,7.5,7.0,10.9,6.6,2.1,8.8,15.5,8.3,8.9,6.9,5.1,6.8,7.1,14.1,61.39,115.49,1
964,6.1,4.7,10.5,6.0,1.4,10.1,15.8,8.5,8.4,6.0,5.0,9.9,6.7,14.8,60.7,113.98,1
965,6.2,4.8,9.3,4.6,1.6,8.7,14.7,8.6,8.3,4.3,4.5,7.2,6.6,12.7,52.37,102.02,1
966,7.2,6.1,10.6,5.3,1.3,10.8,17.1,8.6,9.1,6.0,5.3,9.0,6.7,15.2,61.74,118.3,1
967,6.5,5.0,9.4,5.4,1.6,9.3,14.2,8.5,8.5,4.9,4.6,8.0,6.7,10.2,54.6,102.75,1
968,6.8,6.2,10.2,6.1,1.8,10.0,13.9,8.3,9.5,6.0,4.3,8.3,7.2,17.3,57.41,115.82,1
969,8.6,7.7,10.0,5.1,2.7,11.7,19.1,9.8,9.0,6.5,5.9,8.9,7.7,16.6,66.71,129.24,1
970,7.0,6.4,10.9,7.8,2.8,10.8,16.1,9.7,9.9,5.3,5.6,11.6,7.7,16.9,67.11,128.49,1
971,6.8,4.8,8.4,4.6,1.2,8.4,13.7,8.3,8.2,4.9,4.4,7.0,6.1,12.1,51.02,98.99,1
972,8.7,6.8,11.0,6.3,2.2,9.0,15.0,9.5,9.1,5.7,4.2,7.6,7.5,14.7,60.71,117.3,1
973,8.0,6.3,10.7,5.5,1.8,8.8,15.1,9.0,9.2,6.8,4.4,9.1,7.4,14.5,61.29,116.6,1
974,6.4,4.2,8.3,4.2,1.1,8.5,12.5,8.2,8.1,4.2,4.1,6.7,6.2,10.7,47.57,93.46,1
975,7.3,5.4,9.5,4.5,1.5,8.7,14.2,8.3,8.3,5.3,4.2,8.0,6.5,13.6,54.41,105.15,1
976,8.2,5.7,10.0,6.0,1.9,9.7,15.6,9.1,8.7,6.2,5.0,8.1,7.1,13.3,60.84,114.47,1
977,7.1,4.8,8.7,4.6,1.8,9.3,15.4,8.8,8.4,5.5,4.6,8.4,6.8,14.2,56.13,108.48,1
978,6.4,4.6,8.7,4.5,1.3,8.2,14.3,8.5,8.5,5.0,4.0,7.2,6.6,12.9,51.51,100.81,1
979,8.9,6.0,10.2,4.3,1.9,8.4,16.1,8.9,8.6,5.8,4.2,8.4,6.4,16.9,59.72,114.95,1
980,8.8,6.5,11.0,4.2,1.2,9.7,13.5,9.0,9.1,7.0,5.5,8.5,6.5,13.1,59.72,113.57,1
981,7.3,5.7,11.8,7.8,1.8,11.7,17.3,9.0,9.4,7.9,5.0,11.7,6.4,12.9,70.5,125.56,1
982,7.0,6.5,11.5,6.5,2.5,9.2,19.3,8.6,9.5,6.8,4.7,8.7,7.4,18.9,67.07,127.27,1
983,7.7,6.2,10.7,6.2,1.1,8.4,16.4,8.7,8.7,6.6,4.8,9.4,7.5,17.2,62.91,119.55,1
984,6.8,4.2,8.4,4.6,1.3,8.8,14.2,8.3,8.5,4.6,4.3,7.3,6.3,12.7,51.57,100.36,1
985,7.8,5.9,9.1,5.4,1.5,10.1,15.0,8.8,9.1,5.6,5.2,7.2,6.2,14.7,56.86,111.64,1
986,6.9,4.7,10.6,7.1,1.1,9.6,15.8,9.3,9.0,4.8,5.2,10.2,7.2,17.1,61.61,118.39,1
987,7.0,5.3,9.6,4.7,1.4,8.8,14.5,8.6,8.7,4.8,4.5,7.3,6.2,11.6,53.89,103.12,1
988,8.3,6.4,11.1,6.7,2.4,9.6,18.2,9.4,9.6,7.1,5.5,8.3,7.3,13.1,67.76,123.06,1
989,7.4,5.1,9.6,5.0,1.6,9.5,14.9,8.6,8.4,5.1,4.7,8.1,6.8,13.5,56.33,108.18,1
990,9.0,6.5,10.5,5.2,1.3,9.7,15.9,8.1,9.2,5.2,5.3,8.5,7.5,15.1,60.79,116.9,1
991,6.1,5.3,9.6,4.9,1.7,9.3,14.1,8.7,8.4,4.2,4.3,8.1,6.5,13.9,53.12,105.2,1
992,7.0,4.5,8.9,4.9,2.0,8.8,13.7,8.8,8.7,5.5,4.5,7.5,6.2,11.7,54.14,102.83,1
993,8.5,4.3,8.3,5.3,1.8,9.1,17.1,9.3,9.0,6.1,5.1,7.7,7.4,16.0,59.95,114.96,1
994,8.5,6.6,11.4,5.2,2.8,9.1,17.7,9.7,9.7,6.1,5.0,7.4,7.1,18.6,64.27,125.09,1
995,7.6,5.4,9.1,5.9,2.2,10.1,16.9,9.0,9.2,5.4,4.2,8.9,7.1,15.6,60.34,116.69,1
996,8.7,6.6,10.2,4.4,2.0,10.1,15.8,8.6,9.4,6.1,5.0,7.8,7.0,14.5,59.92,116.2,1
997,7.0,6.5,9.8,5.1,1.6,9.5,12.3,9.1,8.3,5.3,4.8,9.3,7.2,14.5,55.13,110.21,1
998,9.7,6.6,9.3,7.6,2.3,11.6,18.8,9.8,8.8,6.7,4.8,10.9,6.6,10.9,69.92,124.33,1
999,8.4,5.6,10.3,5.6,2.0,10.4,13.9,9.1,9.0,5.5,4.9,8.8,7.1,16.5,59.38,117.19,1
1000,7.7,6.9,10.0,5.9,2.0,10.8,16.9,8.7,9.2,7.0,4.6,9.1,6.9,14.2,63.19,119.91,1
